MetricID,MetricName,Definition,Unit,Direction,Category,OwnerOrg,CalcMethod,CalcFormula,Frequency,FreqValidatinon,BaselineRequired,LifecyclePhase,Notes,,,,,,,,,,,,
MET-0001,Time to hire,Median calendar days from job requisition approval to candidate acceptance within the period.,Days,LowerIsBetter,Benefit KPI,HR (Dept/OCHRO),Median days from requisition approval to candidate acceptance,Median(Date(Employment Offer Accepted [8.3.4.4.2]) - Date(Resourcing Activity Initiation [8.3.4.1.1])),Monthly,Valid: Transactional data supports monthly aggregation.,Yes,Job Search and Recruiting,,,,,,,,,,,,,
MET-0002,Time to staff,Median calendar days from staffing request to start date confirmation within the period.,Days,LowerIsBetter,Benefit KPI,HR (Dept/OCHRO),Median days from staffing request to start date confirmation,Median(Date(Hire Implemented [8.3.4.4.3]) - Date(Staffing Request/Initiation [8.3.4.1.1])),Monthly,"Valid: Capture date occurs at 'Hire', allowing monthly reporting.",Yes,Job Search and Recruiting,,,,,,,,,,,,,
MET-0003,Offer acceptance rate,Percent of job offers accepted within their validity period in the reporting window.,Percent,HigherIsBetter,Benefit KPI,HR (Dept/OCHRO),Accepted offers / total offers in period,(Count of Offers with Status='Accepted' [8.3.4.4.2]) / (Total Offers Extended [8.3.4.4.2]) * 100,Monthly,Valid: Offer volume is sufficient for monthly tracking.,Yes,Job Search and Recruiting,,,,,,,,,,,,,
MET-0004,Candidate experience index,"Composite score from candidate survey on clarity, fairness, and timeliness.",Index,HigherIsBetter,Benefit KPI,HR (Dept/OCHRO),Standardized method per metric definition,Average(Survey Score for Clarity + Fairness + Timeliness) from Post-Application Survey [8.3.4.2.1.2],Quarterly,Valid: Surveys are often batched; quarterly provides better statistical significance.,Yes,Job Search and Recruiting,,,,,,,,,,,,,
MET-0005,Qualified applicant rate,Percent of applications meeting minimum screening criteria in the period.,Percent,HigherIsBetter,Benefit KPI,HR (Dept/OCHRO),Qualified applications / total applications screened,(Count of Candidates Meeting Merit Criteria [8.3.4.3.2]) / (Total Applications Received [8.3.4.2.1.3]) * 100,Monthly,Valid: Linked to screening activities.,Yes,Job Search and Recruiting,,,,,,,,,,,,,
MET-0009,Training completion rate,Percent of assigned learning completed within the reporting period.,Percent,HigherIsBetter,Benefit KPI,HR (Dept/OCHRO),Standardized method per metric definition,(Count of Enrollments with Status='Completed' [8.3.7.4.2.6]) / (Total Enrollments Assigned [8.3.7.4.2.6]) * 100,Monthly,Valid: Learning data is typically high-volume/monthly.,Yes,Learning and Development,,,,,,,,,,,,,
MET-0010,Certification attainment rate,Percent of targeted roles with current required certifications.,Percent,HigherIsBetter,Benefit KPI,HR (Dept/OCHRO),Standardized method per metric definition,(Count of Employees with Valid Certification [8.3.7.4.1.2]) / (Count of Positions Requiring Certification [8.3.7.4.1]) * 100,Monthly,"Valid: Can be tracked monthly, though changes may be slow.",Yes,Learning and Development,,,,,,,,,,,,,
MET-0011,Skills coverage index,Index of coverage of priority skills against role requirements.,Index,HigherIsBetter,Benefit KPI,HR (Dept/OCHRO),Standardized method per metric definition,(Sum of Employees meeting Competency Level X [8.3.7.3.1.1]) / (Total Employees Assessed) * 100,Annual,Valid: Skills inventories are typically updated annually during performance cycles.,Yes,Learning and Development,,,,,,,,,,,,,
MET-0012,Employee engagement index,Composite index of engagement from enterprise survey.,Index,HigherIsBetter,Benefit KPI,HR (Dept/OCHRO),"Composite survey score (e.g., 0–100)",Composite Score of Engagement Questions from Public Service Employee Survey (PSES) [8.3.7.1.1.4],Annual,Valid: PSES is an annual/bi-annual instrument.,Yes,Accommodation and Wellbeing,,,,,,,,,,,,,
MET-0013,Service satisfaction index,Composite index of satisfaction with HR services.,Index,HigherIsBetter,Benefit KPI,HR (Dept/OCHRO),"Composite survey score (e.g., 0–100)",Average(CSAT Score) from Service Delivery Feedback [8.3.7.1.1.4],Quarterly,Valid: Transactional feedback can be rolled up quarterly.,Yes,Accommodation and Wellbeing,,,,,,,,,,,,,
MET-0014,Grievance count,Number of formal grievances registered in the reporting period.,Count,LowerIsBetter,Benefit KPI,HR (Dept/OCHRO),Standardized method per metric definition,Count of New Grievances Registered [8.3.5.2.4] within Period,Monthly,Valid: Standard operational volume metric.,Yes,Conflict Support,,,,,,,,,,,,,
MET-0015,Grievance resolution time,Median calendar days to resolve/close grievances.,Days,LowerIsBetter,Benefit KPI,HR (Dept/OCHRO),Standardized method per metric definition,Median(Date(Grievance Decision Implemented [8.3.5.2.6.2]) - Date(Grievance Filed [8.3.5.2.4])),Monthly,Valid: Closure dates trigger the calculation.,Yes,Conflict Support,,,,,,,,,,,,,
MET-0016,Inclusion index,"Composite inclusion score (belonging, respect, equity).",Index,HigherIsBetter,Benefit KPI,HR (Dept/OCHRO),"Composite survey score (e.g., 0–100)",Composite Score of Inclusion/Belonging Questions from PSES [8.3.8.4],Annual,Valid: Tied to annual survey cycle.,Yes,Accommodation and Wellbeing,,,,,,,,,,,,,
MET-0017,Official languages availability rate,Percent of sampled services available in employee’s official language of choice.,Percent,HigherIsBetter,Benefit KPI,HR (Dept/OCHRO),Services delivered in chosen language / total services sampled,(Count of Services Provided in Employee's Choice of Language [8.3.8.3.2]) / (Total Services Sampled) * 100,Quarterly,Valid: Often measured via sampling/spot-checks rather than 100% census.,Yes,Accommodation and Wellbeing,,,,,,,,,,,,,
MET-0018,12-month retention rate,Percent of new hires still employed 12 months after start.,Percent,HigherIsBetter,Benefit KPI,HR (Dept/OCHRO),Standardized method per metric definition,(Count of Employees Hired 12 Mos Ago [8.3.7.1.2] with Status='Active') / (Total Employees Hired 12 Mos Ago) * 100,Monthly,"Valid: Rolling monthly window (e.g., retention of cohort hired in Jan 2024).",Yes,Career Growth,,,,,,,,,,,,,
MET-0020,Internal mobility rate,Percent of employees who changed roles internally in the period.,Percent,HigherIsBetter,Benefit KPI,HR (Dept/OCHRO),Standardized method per metric definition,(Count of Employees Changing Positions Internally [8.3.7.3.2.2]) / (Total Average Headcount) * 100,Monthly,Valid: Transactional movement data.,Yes,Career Growth,,,,,,,,,,,,,
MET-0021,Absence rate,Percent of scheduled work time lost to absence in the period.,Percent,LowerIsBetter,Benefit KPI,HR (Dept/OCHRO),Standardized method per metric definition,(Total Hours Sick + Family Leave [8.3.7.2.3.1]) / (Total Scheduled Work Hours [8.3.7.2.1.1]) * 100,Monthly,Valid: Payroll/Time data is consolidated monthly.,Yes,"Pay, Time and Personal Info",,,,,,,,,,,,,
MET-0024,Policy cycle time,Median days from policy change initiation to approval/publication.,Days,LowerIsBetter,Benefit KPI,HR (Dept/OCHRO),Standardized method per metric definition,Median(Date(Policy Published [8.3.1.1.2]) - Date(Policy Design Initiated [8.3.1.1.1])),Quarterly,Valid: Policy cycles are long; monthly measurement would show no change too often.,Yes,Learning and Development,,,,,,,,,,,,,
MET-0025,Compliance rate,Percent of sampled HR transactions compliant with policy/controls.,Percent,HigherIsBetter,Benefit KPI,HR (Dept/OCHRO),Compliant transactions / total sampled,(Count of Sampled Transactions Meeting Controls [8.3.1.1.4.1]) / (Total Sampled Transactions) * 100,Monthly,Valid: Based on continuous audit/monitoring.,Yes,Employment Terms,,,,,,,,,,,,,
MET-0026,First contact resolution rate,Percent of HR inquiries resolved at first contact.,Days,LowerIsBetter,Benefit KPI,HR (Dept/OCHRO),Standardized method per metric definition,(Count of Cases Closed on Same Day as Created [8.3.1.4.3]) / (Total Cases Created) * 100,Monthly,Valid: Standard helpdesk metric.,Yes,Accommodation and Wellbeing,,,,,,,,,,,,,
MET-0027,Guidance adoption rate,Percent of targeted users who accessed/applied new HR guidance.,Percent,HigherIsBetter,Benefit KPI,HR (Dept/OCHRO),Standardized method per metric definition,(Count of Unique Users Accessing New Guidance [8.3.2.1.2]) / (Target Audience Size) * 100,Quarterly,Valid: Traffic/adoption analysis usually requires a longer window.,Yes,Learning and Development,,,,,,,,,,,,,
MET-0028,Data quality pass rate,Percent of data validation rules passing for HR datasets.,Percent,HigherIsBetter,Data Governance KPI,HR (Dept/OCHRO),Passed validation rules / total checks,(Count of Records Passing Validation Rules in DQ Sheet) / (Total Records Scanned) * 100,Monthly,Valid: Automated scripts run on monthly extracts.,Yes,Learning and Development,,,,,,,,,,,,,
MET-0030,Release success rate,Percent of HR system releases without high-severity incidents post-go-live.,Percent,HigherIsBetter,Service/IT KPI,HR (Dept/OCHRO),Releases without Sev1/Sev2 post-go-live / total releases,(Count of Releases with 0 Sev1/Sev2 Incidents [8.3.2.3]) / (Total Releases Deployed) * 100,Monthly,Valid: Driven by IT release calendar.,Yes,Learning and Development,,,,,,,,,,,,,
MET-0031,Payroll accuracy rate,Percent of pay transactions processed correctly the first time.,Percent,HigherIsBetter,Benefit KPI,HR (Dept/OCHRO),Standardized method per metric definition,100 - ((Count of Off-Cycle Payments + Overpayments [8.3.6.2.1.3]) / (Total Paycheques [8.3.6.3.1]) * 100),Monthly,Valid: Aligned with pay cycles.,Yes,"Pay, Time and Personal Info",,,,,,,,,,,,,
MET-0032,Pay on time rate,Percent of employees paid on scheduled payday.,Days,LowerIsBetter,Benefit KPI,HR (Dept/OCHRO),Standardized method per metric definition,(Count of Employees Paid on Scheduled Date [8.3.6.3.2]) / (Total Employees Paid) * 100,Monthly,Valid: Aligned with pay cycles.,Yes,"Pay, Time and Personal Info",,,,,,,,,,,,,
MET-0033,Pay case resolution time,Median days to resolve pay-related cases.,Days,LowerIsBetter,Benefit KPI,HR (Dept/OCHRO),Standardized method per metric definition,Median(Date(Pay Case Closed [8.3.1.4.3]) - Date(Pay Case Opened)),Monthly,Valid: Case management data.,Yes,"Pay, Time and Personal Info",,,,,,,,,,,,,
MET-0034,Benefits enrollment accuracy rate,Percent of benefits enrollments processed correctly.,Percent,HigherIsBetter,Benefit KPI,HR (Dept/OCHRO),Standardized method per metric definition,(Count of Enrollments Processed without Error [8.3.6.5.2.2]) / (Total Enrollments) * 100,Monthly,Valid: Transactional accuracy.,Yes,Life Events,,,,,,,,,,,,,
MET-0035,Pension service timeliness,"Median days to process pension events (e.g., enrollment, retirement).",Days,LowerIsBetter,Benefit KPI,HR (Dept/OCHRO),Standardized method per metric definition,Median(Date(Pension Package Processed [8.3.6.4.3.1]) - Date(Eligibility Confirmed [8.3.6.4.2])),Quarterly,Valid: Pension events are lower volume/slower velocity.,Yes,Life Events,,,,,,,,,,,,,
MET-0036,Collective agreement compliance rate,Standard definition for Collective agreement compliance rate.,Percent,HigherIsBetter,Benefit KPI,HR (Dept/OCHRO),Standardized method per metric definition,(Count of Pay/Leave Transactions aligned to CA Rules [8.3.5.1.5.1]) / (Total Transactions) * 100,Monthly,Valid: Continuous monitoring.,Yes,Employment Terms,,,,,,,,,,,,,
MET-0038,Wellness program participation rate,Percent of employees participating in wellness programs.,Percent,HigherIsBetter,Benefit KPI,HR (Dept/OCHRO),Standardized method per metric definition,(Count of Unique Participants in Wellness Initiatives [8.3.8.1.3]) / (Total Workforce) * 100,Monthly,Valid: Can be tracked per event or monthly summary.,Yes,Accommodation and Wellbeing,,,,,,,,,,,,,
MET-0039,ADR case resolution time,Median days to resolve alternative dispute resolution cases.,Days,LowerIsBetter,Benefit KPI,HR (Dept/OCHRO),Standardized method per metric definition,Median(Date(Mediation/Resolution Concluded [8.3.8.2.1]) - Date(Issue Raised [8.3.8.2])),Monthly,Valid: Case duration tracking.,Yes,Conflict Support,,,,,,,,,,,,,
MET-0040,Psychological safety index,Composite score of psychological safety from survey.,Index,HigherIsBetter,Benefit KPI,HR (Dept/OCHRO),"Composite survey score (e.g., 0–100)",Composite Score of Psychological Safety Questions from PSES [8.3.8.1.1.2],Annual,Valid: Survey-based.,Yes,Accommodation and Wellbeing,,,,,,,,,,,,,
,,,,,,,,,,,,,,,,,,,,,,,,,
,,,,,,,,,,,,,,,,,,,,,,,,,
,,,,,,,,,,,,,,,,,,,,,,,,,
,,,,,,,,,,,,,,,,,,,,,,,,,
,,,,,,,,,,,,,,,,,,,,,,,,,
,,,,,,,,,,,,,,,,,,,,,,,,,
,,,,,,,,,,,,,,,,,,,,,,,,,
,,,,,,,,,,,,,,,,,,,,,,,,,
,,,,,,,,,,,,,,,,,,,,,,,,,
MET-0001,Time to hire,Median calendar days from job requisition approval to candidate acceptance within the period.,Days,LowerIsBetter,Benefit KPI,HR (Dept/OCHRO),Median days from requisition approval to candidate acceptance,Median(Date(Employment Offer Accepted [8.3.4.4.2]) - Date(Resourcing Activity Initiation [8.3.4.1.1])),Monthly,Valid: Transactional data supports monthly aggregation.,Yes,Job Search and Recruiting,,,,,,,,,,,,,
MET-0002,Time to staff,Median calendar days from staffing request to start date confirmation within the period.,Days,LowerIsBetter,Benefit KPI,HR (Dept/OCHRO),Median days from staffing request to start date confirmation,Median(Date(Hire Implemented [8.3.4.4.3]) - Date(Staffing Request/Initiation [8.3.4.1.1])),Monthly,"Valid: Capture date occurs at 'Hire', allowing monthly reporting.",Yes,Job Search and Recruiting,,,,,,,,,,,,,
MET-0003,Offer acceptance rate,Percent of job offers accepted within their validity period in the reporting window.,Percent,HigherIsBetter,Benefit KPI,HR (Dept/OCHRO),Accepted offers / total offers in period,(Count of Offers with Status='Accepted' [8.3.4.4.2]) / (Total Offers Extended [8.3.4.4.2]) * 100,Monthly,Valid: Offer volume is sufficient for monthly tracking.,Yes,Job Search and Recruiting,,,,,,,,,,,,,
MET-0004,Candidate experience index,Composite score from candidate survey on clarity/fairness/timeliness (scale 1-10).,Index,HigherIsBetter,Benefit KPI,HR (Dept/OCHRO),Average survey score,Average(Survey Score for Clarity + Fairness + Timeliness) from Post-Application Survey [8.3.4.2.1.2],Quarterly,Valid: Surveys are often batched; quarterly provides better statistical significance.,Yes,Job Search and Recruiting,,,,,,,,,,,,,
MET-0005,Qualified applicant rate,Percentage of applicants meeting essential criteria after initial screening.,Percent,HigherIsBetter,Benefit KPI,HR (Dept/OCHRO),Qualified applicants / total applicants,(Count of Candidates Meeting Merit Criteria [8.3.4.3.2]) / (Total Applications Received [8.3.4.2.1.3]) * 100,Monthly,Valid: Linked to screening activities.,Yes,Job Search and Recruiting,,,,,,,,,,,,,
MET-0009,Training completion rate,Percentage of assigned training completed within deadline.,Percent,HigherIsBetter,Benefit KPI,HR (Dept/OCHRO),Standardized method per metric definition,(Count of Enrollments with Status='Completed' [8.3.7.4.2.6]) / (Total Enrollments Assigned [8.3.7.4.2.1]) * 100,Monthly,Valid: Continuous monitoring.,Yes,Training and Development,,,,,,,,,,,,,
MET-0010,Certification attainment rate,Percentage of employees achieving required certifications.,Percent,HigherIsBetter,Benefit KPI,HR (Dept/OCHRO),Standardized method per metric definition,(Count of Employees with Valid Certification [8.3.7.4.3.2]) / (Total Employees Requiring Certification) * 100,Quarterly,Valid: Align with certification cycles.,Yes,Training and Development,,,,,,,,,,,,,
MET-0011,Skills coverage index,Index measuring coverage of critical skills across the workforce.,Index,HigherIsBetter,Benefit KPI,HR (Dept/OCHRO),Standardized method per metric definition,(Count of Critical Roles with >1 Qualified Successor [8.3.3.1.2.2]) / (Total Critical Roles [8.3.3.1.1.1]) * 100,Quarterly,Valid: Skills updates are periodic.,Yes,Workforce Planning,,,,,,,,,,,,,
MET-0013,Employee engagement index,Composite score from employee engagement survey.,Index,HigherIsBetter,Benefit KPI,HR (Dept/OCHRO),Standardized method per metric definition,Composite Score from PSES Engagement Questions [8.3.2.4.1],Annual,Valid: Annual survey cycle.,Yes,Employee Engagement,,,,,,,,,,,,,
MET-0018,12-month retention rate,Percentage of new hires retained for at least 12 months.,Percent,HigherIsBetter,Benefit KPI,HR (Dept/OCHRO),Standardized method per metric definition,(Count of New Hires Retained > 12 Months) / (Total New Hires 12 Months Ago) * 100,Quarterly,Valid: Lagging indicator.,Yes,Retention,,,,,,,,,,,,,
MET-0020,Workforce plan variance,Variance between planned and actual workforce numbers.,Percent,LowerIsBetter,Benefit KPI,HR (Dept/OCHRO),Standardized method per metric definition,(Actual Headcount [8.3.3.2.1] - Planned Headcount [8.3.3.1.2.1]) / (Planned Headcount) * 100,Quarterly,Valid: Planning cycle alignment.,Yes,Workforce Planning,,,,,,,,,,,,,
MET-0024,Policy cycle time,Time taken to review and update HR policies.,Days,LowerIsBetter,Benefit KPI,HR (Dept/OCHRO),Standardized method per metric definition,Median(Date(Policy Published [8.3.1.1.2.2]) - Date(Policy Review Initiated [8.3.1.1.1.1])),Quarterly,Valid: Policy cycles are long.,Yes,Policy Management,,,,,,,,,,,,,
MET-0025,Compliance rate,Percentage of HR transactions compliant with policies.,Percent,HigherIsBetter,Benefit KPI,HR (Dept/OCHRO),Standardized method per metric definition,(Count of Compliant Transactions) / (Total Transactions Audited [8.3.1.2.3]) * 100,Monthly,Valid: Audit frequency.,Yes,Compliance,,,,,,,,,,,,,
MET-0026,First contact resolution rate,Percentage of HR inquiries resolved on first contact.,Percent,HigherIsBetter,Benefit KPI,HR (Dept/OCHRO),Standardized method per metric definition,(Count of Inquiries Resolved on First Contact [8.3.1.4.2]) / (Total Inquiries [8.3.1.4.1]) * 100,Monthly,Valid: Service desk metrics.,Yes,Service Delivery,,,,,,,,,,,,,
MET-0027,Grievance resolution time,Median time to resolve grievances.,Days,LowerIsBetter,Benefit KPI,HR (Dept/OCHRO),Standardized method per metric definition,Median(Date(Grievance Resolved [8.3.2.2.3]) - Date(Grievance Filed [8.3.2.2.1])),Monthly,Valid: Case management.,Yes,Labor Relations,,,,,,,,,,,,,
MET-0028,Union consultation frequency,Frequency of consultations with union representatives.,Number,HigherIsBetter,Benefit KPI,HR (Dept/OCHRO),Standardized method per metric definition,Count of Consultation Meetings [8.3.2.3.1],Quarterly,Valid: Meeting schedules.,Yes,Labor Relations,,,,,,,,,,,,,
MET-0030,Diversity representation rate,Percentage of workforce from designated groups.,Percent,HigherIsBetter,Benefit KPI,HR (Dept/OCHRO),Standardized method per metric definition,(Count of EE Group Members [8.3.8.4.1]) / (Total Workforce) * 100,Quarterly,Valid: Self-ID updates.,Yes,Diversity and Inclusion,,,,,,,,,,,,,
MET-0031,Payroll error rate,Percentage of payroll transactions with errors.,Percent,LowerIsBetter,Benefit KPI,HR (Dept/OCHRO),Standardized method per metric definition,(Count of Payroll Errors [8.3.6.3.3]) / (Total Pay Transactions [8.3.6.3.1]) * 100,Monthly,Valid: Payroll cycle.,Yes,Payroll,,,,,,,,,,,,,
MET-0032,Pay on time rate,Percentage of employees paid on time.,Percent,HigherIsBetter,Benefit KPI,HR (Dept/OCHRO),Standardized method per metric definition,(Count of On-Time Payments) / (Total Payments) * 100,Monthly,Valid: Payroll cycle.,Yes,Payroll,,,,,,,,,,,,,
MET-0033,Pay case resolution time,Median time to resolve pay-related cases.,Days,LowerIsBetter,Benefit KPI,HR (Dept/OCHRO),Standardized method per metric definition,Median(Date(Pay Case Closed) - Date(Pay Case Opened)),Monthly,Valid: Case management.,Yes,Payroll,,,,,,,,,,,,,
MET-0034,Benefits enrollment accuracy rate,Percentage of benefit enrollments without errors.,Percent,HigherIsBetter,Benefit KPI,HR (Dept/OCHRO),Standardized method per metric definition,(Count of Accurate Enrollments) / (Total Enrollments) * 100,Monthly,Valid: Enrollment cycles.,Yes,Benefits Administration,,,,,,,,,,,,,
MET-0035,Pension service timeliness,Timeliness of pension service delivery.,Days,LowerIsBetter,Benefit KPI,HR (Dept/OCHRO),Standardized method per metric definition,Median(Date(Pension Service Delivered) - Date(Service Requested)),Quarterly,Valid: Service standards.,Yes,Pension Administration,,,,,,,,,,,,,
MET-0036,Collective agreement compliance rate,Percentage of adherence to collective agreements.,Percent,HigherIsBetter,Benefit KPI,HR (Dept/OCHRO),Standardized method per metric definition,(Count of Compliant Actions) / (Total Actions Subject to CA) * 100,Monthly,Valid: Compliance monitoring.,Yes,Labor Relations,,,,,,,,,,,,,
MET-0038,Wellness program participation rate,Percent of employees participating in wellness programs.,Percent,HigherIsBetter,Benefit KPI,HR (Dept/OCHRO),Standardized method per metric definition,(Count of Unique Participants in Wellness Initiatives [8.3.8.1.3]) / (Total Workforce) * 100,Monthly,Valid: Can be tracked per event or monthly summary.,Yes,Accommodation and Wellbeing,,,,,,,,,,,,,
MET-0039,ADR case resolution time,Median days to resolve alternative dispute resolution cases.,Days,LowerIsBetter,Benefit KPI,HR (Dept/OCHRO),Standardized method per metric definition,Median(Date(Mediation/Resolution Concluded [8.3.8.2.1]) - Date(Issue Raised [8.3.8.2])),Monthly,Valid: Case duration tracking.,Yes,Conflict Support,,,,,,,,,,,,,
MET-0040,Psychological safety index,Composite score of psychological safety from survey.,Index,HigherIsBetter,Benefit KPI,HR (Dept/OCHRO),"Composite survey score (e.g., 0–100)",Composite Score of Psychological Safety Questions from PSES [8.3.8.1.2],Annual,Valid: Often part of annual PSES or pulse surveys.,Yes,Accommodation and Wellbeing,,,,,,,,,,,,,
MET-0136,Compliance rate with relevant laws,Measurement of regulatory compliance rate,Percent,HigherIsBetter,Benefit KPI,HR,TBD,TBD,Monthly,TBD,Yes,TBD,Imported from HRBCM 2024-07-22,,,,,,,,,,,,
MET-0137,Number of legal issues related to HR policies,Measure the number of legal issues,Number,HigherIsBetter,Benefit KPI,HR,TBD,TBD,Monthly,TBD,Yes,TBD,Imported from HRBCM 2024-07-22,,,,,,,,,,,,
MET-0138,Process consistency metrics,Assessment of HR process standardization,Score,HigherIsBetter,Benefit KVI,HR,TBD,TBD,Monthly,TBD,Yes,TBD,Imported from HRBCM 2024-07-22,,,,,,,,,,,,
MET-0139,Strategic goal alignment metrics,Evaluation of strategic alignment of HR programs,Score,HigherIsBetter,Benefit KVI,HR,TBD,TBD,Monthly,TBD,Yes,TBD,Imported from HRBCM 2024-07-22,,,,,,,,,,,,
MET-0140,Adaptability metrics,Assessment of HRM program responsiveness,Score,HigherIsBetter,Benefit KVI,HR,TBD,TBD,Monthly,TBD,Yes,TBD,Imported from HRBCM 2024-07-22,,,,,,,,,,,,
MET-0141,Policy cycle time,Measure the time taken to review and update policies,Days,HigherIsBetter,Benefit KPI,HR,TBD,TBD,Monthly,TBD,Yes,TBD,Imported from HRBCM 2024-07-22,,,,,,,,,,,,
MET-0142,Employee trust index,Measure employee trust levels through surveys,Percent,HigherIsBetter,Benefit KPI,HR,TBD,TBD,Monthly,TBD,Yes,TBD,Imported from HRBCM 2024-07-22,,,,,,,,,,,,
MET-0143,Policy understanding score,Measure employee understanding of HR policies,Percent,HigherIsBetter,Benefit KPI,HR,TBD,TBD,Monthly,TBD,Yes,TBD,Imported from HRBCM 2024-07-22,,,,,,,,,,,,
MET-0144,Fairness perception score,Measure employee perception of fairness in policy application,Percent,HigherIsBetter,Benefit KPI,HR,TBD,TBD,Monthly,TBD,Yes,TBD,Imported from HRBCM 2024-07-22,,,,,,,,,,,,
MET-0145,Compliance audit score,Measure compliance through regular audits,Percent,HigherIsBetter,Benefit KPI,HR,TBD,TBD,Monthly,TBD,Yes,TBD,Imported from HRBCM 2024-07-22,,,,,,,,,,,,
MET-0146,Trust metrics,Assessment of employee trust in HR policies,Score,HigherIsBetter,Benefit KVI,HR,TBD,TBD,Monthly,TBD,Yes,TBD,Imported from HRBCM 2024-07-22,,,,,,,,,,,,
MET-0147,Clarity metrics,Assessment of policy clarity and accessibility,Score,HigherIsBetter,Benefit KVI,HR,TBD,TBD,Monthly,TBD,Yes,TBD,Imported from HRBCM 2024-07-22,,,,,,,,,,,,
MET-0148,Morale metrics,Assessment of employee morale related to HR policies,Score,HigherIsBetter,Benefit KVI,HR,TBD,TBD,Monthly,TBD,Yes,TBD,Imported from HRBCM 2024-07-22,,,,,,,,,,,,
MET-0149,Fairness metrics,Assessment of fairness in policy application,Score,HigherIsBetter,Benefit KVI,HR,TBD,TBD,Monthly,TBD,Yes,TBD,Imported from HRBCM 2024-07-22,,,,,,,,,,,,
MET-0150,Policy compliance rate,Measure the rate of policy compliance,Percent,HigherIsBetter,Benefit KPI,HR,TBD,TBD,Monthly,TBD,Yes,TBD,Imported from HRBCM 2024-07-22,,,,,,,,,,,,
MET-0151,Decision-making speed,Measure the time taken to make decisions based on policy interpretation,Days,HigherIsBetter,Benefit KPI,HR,TBD,TBD,Monthly,TBD,Yes,TBD,Imported from HRBCM 2024-07-22,,,,,,,,,,,,
MET-0152,Operational risk incidents,Measure the number of operational risk incidents related to policy misinterpretation,Number,HigherIsBetter,Benefit KPI,HR,TBD,TBD,Monthly,TBD,Yes,TBD,Imported from HRBCM 2024-07-22,,,,,,,,,,,,
MET-0153,Stakeholder satisfaction score,Measure stakeholder satisfaction with policy advice,Percent,HigherIsBetter,Benefit KPI,HR,TBD,TBD,Monthly,TBD,Yes,TBD,Imported from HRBCM 2024-07-22,,,,,,,,,,,,
MET-0154,Advisory response time,Measure the time taken to provide advice on HR policies,Days,HigherIsBetter,Benefit KPI,HR,TBD,TBD,Monthly,TBD,Yes,TBD,Imported from HRBCM 2024-07-22,,,,,,,,,,,,
MET-0155,Governance effectiveness score,Measure the effectiveness of HR governance,Percent,HigherIsBetter,Benefit KPI,HR,TBD,TBD,Monthly,TBD,Yes,TBD,Imported from HRBCM 2024-07-22,,,,,,,,,,,,
MET-0156,Delegation error rate,Measure the rate of errors in delegation,Percent,HigherIsBetter,Benefit KPI,HR,TBD,TBD,Monthly,TBD,Yes,TBD,Imported from HRBCM 2024-07-22,,,,,,,,,,,,
MET-0157,Operational efficiency score,Measure overall operational efficiency,Percent,HigherIsBetter,Benefit KPI,HR,TBD,TBD,Monthly,TBD,Yes,TBD,Imported from HRBCM 2024-07-22,,,,,,,,,,,,
MET-0158,Accountability index,Measure accountability levels within the organization,Index,HigherIsBetter,Benefit KPI,HR,TBD,TBD,Monthly,TBD,Yes,TBD,Imported from HRBCM 2024-07-22,,,,,,,,,,,,
MET-0159,Compliance metrics,Assessment of policy compliance levels,Score,HigherIsBetter,Benefit KVI,HR,TBD,TBD,Monthly,TBD,Yes,TBD,Imported from HRBCM 2024-07-22,,,,,,,,,,,,
MET-0160,Decision confidence metrics,Assessment of confidence in decision-making,Score,HigherIsBetter,Benefit KVI,HR,TBD,TBD,Monthly,TBD,Yes,TBD,Imported from HRBCM 2024-07-22,,,,,,,,,,,,
MET-0161,Risk metrics,Assessment of operational risks related to policy,Score,HigherIsBetter,Benefit KVI,HR,TBD,TBD,Monthly,TBD,Yes,TBD,Imported from HRBCM 2024-07-22,,,,,,,,,,,,
MET-0162,Advisory quality metrics,Assessment of the quality of policy advice,Score,HigherIsBetter,Benefit KVI,HR,TBD,TBD,Monthly,TBD,Yes,TBD,Imported from HRBCM 2024-07-22,,,,,,,,,,,,
MET-0163,Governance metrics,Assessment of HR governance strength,Score,HigherIsBetter,Benefit KVI,HR,TBD,TBD,Monthly,TBD,Yes,TBD,Imported from HRBCM 2024-07-22,,,,,,,,,,,,
MET-0164,Delegation accuracy metrics,Assessment of accuracy in delegation processes,Score,HigherIsBetter,Benefit KVI,HR,TBD,TBD,Monthly,TBD,Yes,TBD,Imported from HRBCM 2024-07-22,,,,,,,,,,,,
MET-0165,Efficiency metrics,Assessment of operational efficiency improvements,Score,HigherIsBetter,Benefit KVI,HR,TBD,TBD,Monthly,TBD,Yes,TBD,Imported from HRBCM 2024-07-22,,,,,,,,,,,,
MET-0166,Accountability metrics,Assessment of accountability levels,Score,HigherIsBetter,Benefit KVI,HR,TBD,TBD,Monthly,TBD,Yes,TBD,Imported from HRBCM 2024-07-22,,,,,,,,,,,,
MET-0167,Control compliance rate,Measure the rate of compliance with identified controls,Percent,HigherIsBetter,Benefit KPI,HR,TBD,TBD,Monthly,TBD,Yes,TBD,Imported from HRBCM 2024-07-22,,,,,,,,,,,,
MET-0168,Non-compliance incidents,Measure the number of non-compliance incidents,Number,HigherIsBetter,Benefit KPI,HR,TBD,TBD,Monthly,TBD,Yes,TBD,Imported from HRBCM 2024-07-22,,,,,,,,,,,,
MET-0169,Decision alignment score,Measure the alignment of decisions with legal and policy requirements,Percent,HigherIsBetter,Benefit KPI,HR,TBD,TBD,Monthly,TBD,Yes,TBD,Imported from HRBCM 2024-07-22,,,,,,,,,,,,
MET-0170,Authority clarity score,Measure the clarity of authority levels among employees,Percent,HigherIsBetter,Benefit KPI,HR,TBD,TBD,Monthly,TBD,Yes,TBD,Imported from HRBCM 2024-07-22,,,,,,,,,,,,
MET-0171,Decision timeliness,Measure the timeliness of decisions made by authorized personnel,Days,HigherIsBetter,Benefit KPI,HR,TBD,TBD,Monthly,TBD,Yes,TBD,Imported from HRBCM 2024-07-22,,,,,,,,,,,,
MET-0172,Delegation clarity score,Measure the clarity of management authority levels,Percent,HigherIsBetter,Benefit KPI,HR,TBD,TBD,Monthly,TBD,Yes,TBD,Imported from HRBCM 2024-07-22,,,,,,,,,,,,
MET-0173,Decision quality score,Measure the quality of decisions made at various management levels,Percent,HigherIsBetter,Benefit KPI,HR,TBD,TBD,Monthly,TBD,Yes,TBD,Imported from HRBCM 2024-07-22,,,,,,,,,,,,
MET-0174,Control identification metrics,Assessment of control identification effectiveness,Score,HigherIsBetter,Benefit KVI,HR,TBD,TBD,Monthly,TBD,Yes,TBD,Imported from HRBCM 2024-07-22,,,,,,,,,,,,
MET-0175,Risk reduction metrics,Assessment of risk reduction through control identification,Score,HigherIsBetter,Benefit KVI,HR,TBD,TBD,Monthly,TBD,Yes,TBD,Imported from HRBCM 2024-07-22,,,,,,,,,,,,
MET-0176,Decision alignment metrics,Assessment of decision alignment with controls,Score,HigherIsBetter,Benefit KVI,HR,TBD,TBD,Monthly,TBD,Yes,TBD,Imported from HRBCM 2024-07-22,,,,,,,,,,,,
MET-0177,Authority clarity metrics,Assessment of authority level clarity,Score,HigherIsBetter,Benefit KVI,HR,TBD,TBD,Monthly,TBD,Yes,TBD,Imported from HRBCM 2024-07-22,,,,,,,,,,,,
MET-0178,Delegation clarity metrics,Assessment of management authority level clarity,Score,HigherIsBetter,Benefit KVI,HR,TBD,TBD,Monthly,TBD,Yes,TBD,Imported from HRBCM 2024-07-22,,,,,,,,,,,,
MET-0179,Decision quality metrics,Assessment of decision-making quality,Score,HigherIsBetter,Benefit KVI,HR,TBD,TBD,Monthly,TBD,Yes,TBD,Imported from HRBCM 2024-07-22,,,,,,,,,,,,
MET-0180,Program delivery time,Measure the time taken to deliver HR programs,Days,HigherIsBetter,Benefit KPI,HR,TBD,TBD,Monthly,TBD,Yes,TBD,Imported from HRBCM 2024-07-22,,,,,,,,,,,,
MET-0181,Program consistency rate,Measure the consistency of HR program execution,Percent,HigherIsBetter,Benefit KPI,HR,TBD,TBD,Monthly,TBD,Yes,TBD,Imported from HRBCM 2024-07-22,,,,,,,,,,,,
MET-0182,Program impact score,Measure the impact of HR programs on organizational goals,Percent,HigherIsBetter,Benefit KPI,HR,TBD,TBD,Monthly,TBD,Yes,TBD,Imported from HRBCM 2024-07-22,,,,,,,,,,,,
MET-0183,Strategy alignment score,Measure the alignment of HR programs with organizational strategy,Percent,HigherIsBetter,Benefit KPI,HR,TBD,TBD,Monthly,TBD,Yes,TBD,Imported from HRBCM 2024-07-22,,,,,,,,,,,,
MET-0184,Employee satisfaction with HR programs,Measure employee satisfaction with HR programs,Percent,HigherIsBetter,Benefit KPI,HR,TBD,TBD,Monthly,TBD,Yes,TBD,Imported from HRBCM 2024-07-22,,,,,,,,,,,,
MET-0185,Program ROI,Measure the return on investment for HR programs,Percent,HigherIsBetter,Benefit KPI,HR,TBD,TBD,Monthly,TBD,Yes,TBD,Imported from HRBCM 2024-07-22,,,,,,,,,,,,
MET-0186,Program efficiency metrics,Assessment of HR program delivery efficiency,Score,HigherIsBetter,Benefit KVI,HR,TBD,TBD,Monthly,TBD,Yes,TBD,Imported from HRBCM 2024-07-22,,,,,,,,,,,,
MET-0187,Program consistency metrics,Assessment of consistency in HR program execution,Score,HigherIsBetter,Benefit KVI,HR,TBD,TBD,Monthly,TBD,Yes,TBD,Imported from HRBCM 2024-07-22,,,,,,,,,,,,
MET-0188,Impact metrics,Assessment of HR program impact on goals,Score,HigherIsBetter,Benefit KVI,HR,TBD,TBD,Monthly,TBD,Yes,TBD,Imported from HRBCM 2024-07-22,,,,,,,,,,,,
MET-0189,Strategic alignment metrics,Assessment of alignment between HR programs and strategy,Score,HigherIsBetter,Benefit KVI,HR,TBD,TBD,Monthly,TBD,Yes,TBD,Imported from HRBCM 2024-07-22,,,,,,,,,,,,
MET-0190,Satisfaction metrics,Assessment of employee satisfaction with HR programs,Score,HigherIsBetter,Benefit KVI,HR,TBD,TBD,Monthly,TBD,Yes,TBD,Imported from HRBCM 2024-07-22,,,,,,,,,,,,
MET-0191,ROI metrics,Assessment of return on investment for HR programs,Score,HigherIsBetter,Benefit KVI,HR,TBD,TBD,Monthly,TBD,Yes,TBD,Imported from HRBCM 2024-07-22,,,,,,,,,,,,
MET-0192,Program design time,Measure the time taken to design HR programs,Days,HigherIsBetter,Benefit KPI,HR,TBD,TBD,Monthly,TBD,Yes,TBD,Imported from HRBCM 2024-07-22,,,,,,,,,,,,
MET-0193,Program relevance score,Measure the relevance of HR programs to current needs,Percent,HigherIsBetter,Benefit KPI,HR,TBD,TBD,Monthly,TBD,Yes,TBD,Imported from HRBCM 2024-07-22,,,,,,,,,,,,
MET-0194,Innovation rate,Measure the rate of innovation in HR program design,Percent,HigherIsBetter,Benefit KPI,HR,TBD,TBD,Monthly,TBD,Yes,TBD,Imported from HRBCM 2024-07-22,,,,,,,,,,,,
MET-0195,Implementation success rate,Measure the success rate of HR program implementation,Percent,HigherIsBetter,Benefit KPI,HR,TBD,TBD,Monthly,TBD,Yes,TBD,Imported from HRBCM 2024-07-22,,,,,,,,,,,,
MET-0196,Adoption rate,Measure the adoption rate of new HR programs,Percent,HigherIsBetter,Benefit KPI,HR,TBD,TBD,Monthly,TBD,Yes,TBD,Imported from HRBCM 2024-07-22,,,,,,,,,,,,
MET-0197,Evaluation completion rate,Measure the completion rate of HR program evaluations,Percent,HigherIsBetter,Benefit KPI,HR,TBD,TBD,Monthly,TBD,Yes,TBD,Imported from HRBCM 2024-07-22,,,,,,,,,,,,
MET-0198,Improvement rate,Measure the rate of improvement in HR programs post-evaluation,Percent,HigherIsBetter,Benefit KPI,HR,TBD,TBD,Monthly,TBD,Yes,TBD,Imported from HRBCM 2024-07-22,,,,,,,,,,,,
MET-0199,Learning application rate,Measure the application of lessons learned from evaluations,Percent,HigherIsBetter,Benefit KPI,HR,TBD,TBD,Monthly,TBD,Yes,TBD,Imported from HRBCM 2024-07-22,,,,,,,,,,,,
MET-0200,Design efficiency metrics,Assessment of efficiency in program design,Score,HigherIsBetter,Benefit KVI,HR,TBD,TBD,Monthly,TBD,Yes,TBD,Imported from HRBCM 2024-07-22,,,,,,,,,,,,
MET-0201,Relevance metrics,Assessment of program relevance,Score,HigherIsBetter,Benefit KVI,HR,TBD,TBD,Monthly,TBD,Yes,TBD,Imported from HRBCM 2024-07-22,,,,,,,,,,,,
MET-0202,Innovation metrics,Assessment of innovation in program design,Score,HigherIsBetter,Benefit KVI,HR,TBD,TBD,Monthly,TBD,Yes,TBD,Imported from HRBCM 2024-07-22,,,,,,,,,,,,
MET-0203,Implementation metrics,Assessment of program implementation success,Score,HigherIsBetter,Benefit KVI,HR,TBD,TBD,Monthly,TBD,Yes,TBD,Imported from HRBCM 2024-07-22,,,,,,,,,,,,
MET-0204,Adoption metrics,Assessment of program adoption,Score,HigherIsBetter,Benefit KVI,HR,TBD,TBD,Monthly,TBD,Yes,TBD,Imported from HRBCM 2024-07-22,,,,,,,,,,,,
MET-0205,Evaluation metrics,Assessment of program evaluation effectiveness,Score,HigherIsBetter,Benefit KVI,HR,TBD,TBD,Monthly,TBD,Yes,TBD,Imported from HRBCM 2024-07-22,,,,,,,,,,,,
MET-0206,Improvement metrics,Assessment of continuous improvement in programs,Score,HigherIsBetter,Benefit KVI,HR,TBD,TBD,Monthly,TBD,Yes,TBD,Imported from HRBCM 2024-07-22,,,,,,,,,,,,
MET-0207,Learning metrics,Assessment of learning from evaluations,Score,HigherIsBetter,Benefit KVI,HR,TBD,TBD,Monthly,TBD,Yes,TBD,Imported from HRBCM 2024-07-22,,,,,,,,,,,,
MET-0208,Needs assessment accuracy,Measure the accuracy of needs assessments,Percent,HigherIsBetter,Benefit KPI,HR,TBD,TBD,Monthly,TBD,Yes,TBD,Imported from HRBCM 2024-07-22,,,,,,,,,,,,
MET-0209,Program effectiveness score,Measure the effectiveness of HR programs in addressing identified needs,Percent,HigherIsBetter,Benefit KPI,HR,TBD,TBD,Monthly,TBD,Yes,TBD,Imported from HRBCM 2024-07-22,,,,,,,,,,,,
MET-0210,Stakeholder alignment score,Measure the alignment of HR programs with stakeholder needs,Percent,HigherIsBetter,Benefit KPI,HR,TBD,TBD,Monthly,TBD,Yes,TBD,Imported from HRBCM 2024-07-22,,,,,,,,,,,,
MET-0211,Target audience reach,Measure the reach of HR programs to the target audience,Percent,HigherIsBetter,Benefit KPI,HR,TBD,TBD,Monthly,TBD,Yes,TBD,Imported from HRBCM 2024-07-22,,,,,,,,,,,,
MET-0212,Program utilization rate,Measure the utilization rate of HR programs by the target audience,Percent,HigherIsBetter,Benefit KPI,HR,TBD,TBD,Monthly,TBD,Yes,TBD,Imported from HRBCM 2024-07-22,,,,,,,,,,,,
MET-0213,Accuracy metrics,Assessment of needs assessment accuracy,Score,HigherIsBetter,Benefit KVI,HR,TBD,TBD,Monthly,TBD,Yes,TBD,Imported from HRBCM 2024-07-22,,,,,,,,,,,,
MET-0214,Effectiveness metrics,Assessment of program effectiveness in addressing needs,Score,HigherIsBetter,Benefit KVI,HR,TBD,TBD,Monthly,TBD,Yes,TBD,Imported from HRBCM 2024-07-22,,,,,,,,,,,,
MET-0215,Stakeholder metrics,Assessment of stakeholder alignment,Score,HigherIsBetter,Benefit KVI,HR,TBD,TBD,Monthly,TBD,Yes,TBD,Imported from HRBCM 2024-07-22,,,,,,,,,,,,
MET-0216,Reach metrics,Assessment of program reach,Score,HigherIsBetter,Benefit KVI,HR,TBD,TBD,Monthly,TBD,Yes,TBD,Imported from HRBCM 2024-07-22,,,,,,,,,,,,
MET-0217,Utilization metrics,Assessment of program utilization,Score,HigherIsBetter,Benefit KVI,HR,TBD,TBD,Monthly,TBD,Yes,TBD,Imported from HRBCM 2024-07-22,,,,,,,,,,,,
MET-0218,Compliance rate with standards,Measure compliance with HR standards,Percent,HigherIsBetter,Benefit KPI,HR,TBD,TBD,Monthly,TBD,Yes,TBD,Imported from HRBCM 2024-07-22,,,,,,,,,,,,
MET-0219,Audit finding resolution time,Measure the time taken to resolve audit findings,Days,HigherIsBetter,Benefit KPI,HR,TBD,TBD,Monthly,TBD,Yes,TBD,Imported from HRBCM 2024-07-22,,,,,,,,,,,,
MET-0220,Risk mitigation rate,Measure the rate of risk mitigation in HR programs,Percent,HigherIsBetter,Benefit KPI,HR,TBD,TBD,Monthly,TBD,Yes,TBD,Imported from HRBCM 2024-07-22,,,,,,,,,,,,
MET-0221,Compliance metrics with standards,Assessment of compliance with HR standards,Score,HigherIsBetter,Benefit KVI,HR,TBD,TBD,Monthly,TBD,Yes,TBD,Imported from HRBCM 2024-07-22,,,,,,,,,,,,
MET-0222,Resolution metrics,Assessment of audit finding resolution efficiency,Score,HigherIsBetter,Benefit KVI,HR,TBD,TBD,Monthly,TBD,Yes,TBD,Imported from HRBCM 2024-07-22,,,,,,,,,,,,
MET-0223,Mitigation metrics,Assessment of risk mitigation effectiveness,Score,HigherIsBetter,Benefit KVI,HR,TBD,TBD,Monthly,TBD,Yes,TBD,Imported from HRBCM 2024-07-22,,,,,,,,,,,,
MET-0224,Forecasting accuracy,Measure the accuracy of HR forecasts,Percent,HigherIsBetter,Benefit KPI,HR,TBD,TBD,Monthly,TBD,Yes,TBD,Imported from HRBCM 2024-07-22,,,,,,,,,,,,
MET-0225,Strategic planning effectiveness,Measure the effectiveness of strategic planning based on forecasts,Percent,HigherIsBetter,Benefit KPI,HR,TBD,TBD,Monthly,TBD,Yes,TBD,Imported from HRBCM 2024-07-22,,,,,,,,,,,,
MET-0226,Resource allocation efficiency,Measure the efficiency of resource allocation based on forecasts,Percent,HigherIsBetter,Benefit KPI,HR,TBD,TBD,Monthly,TBD,Yes,TBD,Imported from HRBCM 2024-07-22,,,,,,,,,,,,
MET-0227,Forecasting metrics,Assessment of forecasting accuracy,Score,HigherIsBetter,Benefit KVI,HR,TBD,TBD,Monthly,TBD,Yes,TBD,Imported from HRBCM 2024-07-22,,,,,,,,,,,,
MET-0228,Planning metrics,Assessment of strategic planning effectiveness,Score,HigherIsBetter,Benefit KVI,HR,TBD,TBD,Monthly,TBD,Yes,TBD,Imported from HRBCM 2024-07-22,,,,,,,,,,,,
MET-0229,Allocation metrics,Assessment of resource allocation efficiency,Score,HigherIsBetter,Benefit KVI,HR,TBD,TBD,Monthly,TBD,Yes,TBD,Imported from HRBCM 2024-07-22,,,,,,,,,,,,
MET-0230,Grievance resolution rate,Measure the percentage of grievances resolved within a specified timeframe,Percent,HigherIsBetter,Benefit KPI,HR,TBD,TBD,Monthly,TBD,Yes,TBD,Imported from HRBCM 2024-07-22,,,,,,,,,,,,
MET-0231,Reduction in grievance cases,Measure the reduction in the number of grievance cases filed,Number,HigherIsBetter,Benefit KPI,HR,TBD,TBD,Monthly,TBD,Yes,TBD,Imported from HRBCM 2024-07-22,,,,,,,,,,,,
MET-0232,Workplace conflict index,Measure the level of workplace conflict through surveys,Index,HigherIsBetter,Benefit KPI,HR,TBD,TBD,Monthly,TBD,Yes,TBD,Imported from HRBCM 2024-07-22,,,,,,,,,,,,
MET-0233,Union relationship score,Measure the quality of the relationship with unions through feedback,Percent,HigherIsBetter,Benefit KPI,HR,TBD,TBD,Monthly,TBD,Yes,TBD,Imported from HRBCM 2024-07-22,,,,,,,,,,,,
MET-0234,Negotiation success rate,Measure the success rate of negotiations with unions,Percent,HigherIsBetter,Benefit KPI,HR,TBD,TBD,Monthly,TBD,Yes,TBD,Imported from HRBCM 2024-07-22,,,,,,,,,,,,
MET-0235,Strike incidence rate,Measure the number of strikes or labor disruptions,Number,HigherIsBetter,Benefit KPI,HR,TBD,TBD,Monthly,TBD,Yes,TBD,Imported from HRBCM 2024-07-22,,,,,,,,,,,,
MET-0236,Employee engagement score,Measure employee engagement levels,Percent,HigherIsBetter,Benefit KPI,HR,TBD,TBD,Monthly,TBD,Yes,TBD,Imported from HRBCM 2024-07-22,,,,,,,,,,,,
MET-0237,Retention rate,Measure employee retention rates,Percent,HigherIsBetter,Benefit KPI,HR,TBD,TBD,Monthly,TBD,Yes,TBD,Imported from HRBCM 2024-07-22,,,,,,,,,,,,
MET-0238,Performance improvement rate,Measure the rate of performance improvement among employees,Percent,HigherIsBetter,Benefit KPI,HR,TBD,TBD,Monthly,TBD,Yes,TBD,Imported from HRBCM 2024-07-22,,,,,,,,,,,,
MET-0239,Resolution metrics,Assessment of grievance resolution efficiency,Score,HigherIsBetter,Benefit KVI,HR,TBD,TBD,Monthly,TBD,Yes,TBD,Imported from HRBCM 2024-07-22,,,,,,,,,,,,
MET-0240,Conflict metrics,Assessment of workplace conflict levels,Score,HigherIsBetter,Benefit KVI,HR,TBD,TBD,Monthly,TBD,Yes,TBD,Imported from HRBCM 2024-07-22,,,,,,,,,,,,
MET-0241,Relationship metrics,Assessment of union-management relationship quality,Score,HigherIsBetter,Benefit KVI,HR,TBD,TBD,Monthly,TBD,Yes,TBD,Imported from HRBCM 2024-07-22,,,,,,,,,,,,
MET-0242,Stability metrics,Assessment of labor stability,Score,HigherIsBetter,Benefit KVI,HR,TBD,TBD,Monthly,TBD,Yes,TBD,Imported from HRBCM 2024-07-22,,,,,,,,,,,,
MET-0243,Engagement metrics,Assessment of employee engagement,Score,HigherIsBetter,Benefit KVI,HR,TBD,TBD,Monthly,TBD,Yes,TBD,Imported from HRBCM 2024-07-22,,,,,,,,,,,,
MET-0244,Performance metrics,Assessment of employee performance improvements,Score,HigherIsBetter,Benefit KVI,HR,TBD,TBD,Monthly,TBD,Yes,TBD,Imported from HRBCM 2024-07-22,,,,,,,,,,,,
MET-0245,Negotiation duration,Measure the time taken to complete negotiations,Days,HigherIsBetter,Benefit KPI,HR,TBD,TBD,Monthly,TBD,Yes,TBD,Imported from HRBCM 2024-07-22,,,,,,,,,,,,
MET-0246,Agreement implementation time,Measure the time taken to implement agreement terms,Days,HigherIsBetter,Benefit KPI,HR,TBD,TBD,Monthly,TBD,Yes,TBD,Imported from HRBCM 2024-07-22,,,,,,,,,,,,
MET-0247,Negotiation efficiency metrics,Assessment of negotiation process efficiency,Score,HigherIsBetter,Benefit KVI,HR,TBD,TBD,Monthly,TBD,Yes,TBD,Imported from HRBCM 2024-07-22,,,,,,,,,,,,
MET-0248,Implementation efficiency metrics,Assessment of agreement implementation efficiency,Score,HigherIsBetter,Benefit KVI,HR,TBD,TBD,Monthly,TBD,Yes,TBD,Imported from HRBCM 2024-07-22,,,,,,,,,,,,
MET-0249,Grievance filing rate,Measure the rate of grievances filed per employee,Percent,HigherIsBetter,Benefit KPI,HR,TBD,TBD,Monthly,TBD,Yes,TBD,Imported from HRBCM 2024-07-22,,,,,,,,,,,,
MET-0250,Dispute resolution cost,Measure the cost associated with resolving disputes,Currency,HigherIsBetter,Benefit KPI,HR,TBD,TBD,Monthly,TBD,Yes,TBD,Imported from HRBCM 2024-07-22,,,,,,,,,,,,
MET-0251,Prevention metrics,Assessment of grievance prevention effectiveness,Score,HigherIsBetter,Benefit KVI,HR,TBD,TBD,Monthly,TBD,Yes,TBD,Imported from HRBCM 2024-07-22,,,,,,,,,,,,
MET-0252,Cost metrics,Assessment of dispute resolution costs,Score,HigherIsBetter,Benefit KVI,HR,TBD,TBD,Monthly,TBD,Yes,TBD,Imported from HRBCM 2024-07-22,,,,,,,,,,,,
MET-0253,Consultation frequency,Measure the frequency of consultations with unions,Number,HigherIsBetter,Benefit KPI,HR,TBD,TBD,Monthly,TBD,Yes,TBD,Imported from HRBCM 2024-07-22,,,,,,,,,,,,
MET-0254,Joint initiative count,Measure the number of joint initiatives with unions,Number,HigherIsBetter,Benefit KPI,HR,TBD,TBD,Monthly,TBD,Yes,TBD,Imported from HRBCM 2024-07-22,,,,,,,,,,,,
MET-0255,Consultation metrics,Assessment of consultation effectiveness,Score,HigherIsBetter,Benefit KVI,HR,TBD,TBD,Monthly,TBD,Yes,TBD,Imported from HRBCM 2024-07-22,,,,,,,,,,,,
MET-0256,Collaboration metrics,Assessment of collaboration on joint initiatives,Score,HigherIsBetter,Benefit KVI,HR,TBD,TBD,Monthly,TBD,Yes,TBD,Imported from HRBCM 2024-07-22,,,,,,,,,,,,
MET-0257,Workforce planning accuracy,Measure the accuracy of workforce plans against actuals,Percent,HigherIsBetter,Benefit KPI,HR,TBD,TBD,Monthly,TBD,Yes,TBD,Imported from HRBCM 2024-07-22,,,,,,,,,,,,
MET-0258,Talent gap reduction,Measure the reduction in identified talent gaps,Percent,HigherIsBetter,Benefit KPI,HR,TBD,TBD,Monthly,TBD,Yes,TBD,Imported from HRBCM 2024-07-22,,,,,,,,,,,,
MET-0259,Strategic goal achievement rate,Measure the percentage of strategic goals met through workforce planning,Percent,HigherIsBetter,Benefit KPI,HR,TBD,TBD,Monthly,TBD,Yes,TBD,Imported from HRBCM 2024-07-22,,,,,,,,,,,,
MET-0260,Operational efficiency rate,Measure the efficiency of operations related to workforce planning,Percent,HigherIsBetter,Benefit KPI,HR,TBD,TBD,Monthly,TBD,Yes,TBD,Imported from HRBCM 2024-07-22,,,,,,,,,,,,
MET-0261,Cost savings from planning,Measure cost savings achieved through effective workforce planning,Currency,HigherIsBetter,Benefit KPI,HR,TBD,TBD,Monthly,TBD,Yes,TBD,Imported from HRBCM 2024-07-22,,,,,,,,,,,,
MET-0262,Planning accuracy metrics,Assessment of workforce planning accuracy,Score,HigherIsBetter,Benefit KVI,HR,TBD,TBD,Monthly,TBD,Yes,TBD,Imported from HRBCM 2024-07-22,,,,,,,,,,,,
MET-0263,Talent metrics,Assessment of talent gap reduction,Score,HigherIsBetter,Benefit KVI,HR,TBD,TBD,Monthly,TBD,Yes,TBD,Imported from HRBCM 2024-07-22,,,,,,,,,,,,
MET-0264,Achievement metrics,Assessment of strategic goal achievement,Score,HigherIsBetter,Benefit KVI,HR,TBD,TBD,Monthly,TBD,Yes,TBD,Imported from HRBCM 2024-07-22,,,,,,,,,,,,
MET-0265,Efficiency metrics,Assessment of operational efficiency in planning,Score,HigherIsBetter,Benefit KVI,HR,TBD,TBD,Monthly,TBD,Yes,TBD,Imported from HRBCM 2024-07-22,,,,,,,,,,,,
MET-0266,Savings metrics,Assessment of cost savings from planning,Score,HigherIsBetter,Benefit KVI,HR,TBD,TBD,Monthly,TBD,Yes,TBD,Imported from HRBCM 2024-07-22,,,,,,,,,,,,
MET-0267,Workforce data quality score,Measure the quality of workforce data,Percent,HigherIsBetter,Benefit KPI,HR,TBD,TBD,Monthly,TBD,Yes,TBD,Imported from HRBCM 2024-07-22,,,,,,,,,,,,
MET-0268,Reporting timeliness,Measure the timeliness of workforce reports,Days,HigherIsBetter,Benefit KPI,HR,TBD,TBD,Monthly,TBD,Yes,TBD,Imported from HRBCM 2024-07-22,,,,,,,,,,,,
MET-0269,Decision support effectiveness,Measure the effectiveness of data in supporting decisions,Percent,HigherIsBetter,Benefit KPI,HR,TBD,TBD,Monthly,TBD,Yes,TBD,Imported from HRBCM 2024-07-22,,,,,,,,,,,,
MET-0270,Data quality metrics,Assessment of workforce data quality,Score,HigherIsBetter,Benefit KVI,HR,TBD,TBD,Monthly,TBD,Yes,TBD,Imported from HRBCM 2024-07-22,,,,,,,,,,,,
MET-0271,Reporting metrics,Assessment of reporting timeliness and accuracy,Score,HigherIsBetter,Benefit KVI,HR,TBD,TBD,Monthly,TBD,Yes,TBD,Imported from HRBCM 2024-07-22,,,,,,,,,,,,
MET-0272,Support metrics,Assessment of decision support effectiveness,Score,HigherIsBetter,Benefit KVI,HR,TBD,TBD,Monthly,TBD,Yes,TBD,Imported from HRBCM 2024-07-22,,,,,,,,,,,,
MET-0273,Plan implementation rate,Measure the rate of workforce plan implementation,Percent,HigherIsBetter,Benefit KPI,HR,TBD,TBD,Monthly,TBD,Yes,TBD,Imported from HRBCM 2024-07-22,,,,,,,,,,,,
MET-0274,Agility index,Measure the agility of the workforce in responding to changes,Index,HigherIsBetter,Benefit KPI,HR,TBD,TBD,Monthly,TBD,Yes,TBD,Imported from HRBCM 2024-07-22,,,,,,,,,,,,
MET-0275,Implementation metrics,Assessment of plan implementation success,Score,HigherIsBetter,Benefit KVI,HR,TBD,TBD,Monthly,TBD,Yes,TBD,Imported from HRBCM 2024-07-22,,,,,,,,,,,,
MET-0276,Agility metrics,Assessment of workforce agility,Score,HigherIsBetter,Benefit KVI,HR,TBD,TBD,Monthly,TBD,Yes,TBD,Imported from HRBCM 2024-07-22,,,,,,,,,,,,
MET-0277,Succession plan coverage,Measure the percentage of critical roles with a succession plan,Percent,HigherIsBetter,Benefit KPI,HR,TBD,TBD,Monthly,TBD,Yes,TBD,Imported from HRBCM 2024-07-22,,,,,,,,,,,,
MET-0278,Leadership readiness rate,Measure the readiness of successors for leadership roles,Percent,HigherIsBetter,Benefit KPI,HR,TBD,TBD,Monthly,TBD,Yes,TBD,Imported from HRBCM 2024-07-22,,,,,,,,,,,,
MET-0279,Continuity risk score,Measure the risk of leadership discontinuity,Score,HigherIsBetter,Benefit KPI,HR,TBD,TBD,Monthly,TBD,Yes,TBD,Imported from HRBCM 2024-07-22,,,,,,,,,,,,
MET-0280,Coverage metrics,Assessment of succession plan coverage,Score,HigherIsBetter,Benefit KVI,HR,TBD,TBD,Monthly,TBD,Yes,TBD,Imported from HRBCM 2024-07-22,,,,,,,,,,,,
MET-0281,Readiness metrics,Assessment of leadership readiness,Score,HigherIsBetter,Benefit KVI,HR,TBD,TBD,Monthly,TBD,Yes,TBD,Imported from HRBCM 2024-07-22,,,,,,,,,,,,
MET-0282,Risk metrics,Assessment of business continuity risks,Score,HigherIsBetter,Benefit KVI,HR,TBD,TBD,Monthly,TBD,Yes,TBD,Imported from HRBCM 2024-07-22,,,,,,,,,,,,
MET-0283,Vacancy rate,Measure the percentage of vacant positions,Percent,HigherIsBetter,Benefit KPI,HR,TBD,TBD,Monthly,TBD,Yes,TBD,Imported from HRBCM 2024-07-22,,,,,,,,,,,,
MET-0284,Overtime cost,Measure the cost of overtime due to vacancies,Currency,HigherIsBetter,Benefit KPI,HR,TBD,TBD,Monthly,TBD,Yes,TBD,Imported from HRBCM 2024-07-22,,,,,,,,,,,,
MET-0285,Vacancy metrics,Assessment of vacancy rates,Score,HigherIsBetter,Benefit KVI,HR,TBD,TBD,Monthly,TBD,Yes,TBD,Imported from HRBCM 2024-07-22,,,,,,,,,,,,
MET-0286,Cost metrics,Assessment of overtime costs,Score,HigherIsBetter,Benefit KVI,HR,TBD,TBD,Monthly,TBD,Yes,TBD,Imported from HRBCM 2024-07-22,,,,,,,,,,,,
MET-0287,Time to fill,Measure the average time taken to fill vacancies,Days,HigherIsBetter,Benefit KPI,HR,TBD,TBD,Monthly,TBD,Yes,TBD,Imported from HRBCM 2024-07-22,,,,,,,,,,,,
MET-0288,Quality of hire score,Measure the quality of new hires,Percent,HigherIsBetter,Benefit KPI,HR,TBD,TBD,Monthly,TBD,Yes,TBD,Imported from HRBCM 2024-07-22,,,,,,,,,,,,
MET-0289,Candidate satisfaction score,Measure candidate satisfaction with the recruitment process,Percent,HigherIsBetter,Benefit KPI,HR,TBD,TBD,Monthly,TBD,Yes,TBD,Imported from HRBCM 2024-07-22,,,,,,,,,,,,
MET-0290,Turnover rate of new hires,Measure the turnover rate of new hires within the first year,Percent,HigherIsBetter,Benefit KPI,HR,TBD,TBD,Monthly,TBD,Yes,TBD,Imported from HRBCM 2024-07-22,,,,,,,,,,,,
MET-0291,Diversity recruitment rate,Measure the percentage of diverse candidates hired,Percent,HigherIsBetter,Benefit KPI,HR,TBD,TBD,Monthly,TBD,Yes,TBD,Imported from HRBCM 2024-07-22,,,,,,,,,,,,
MET-0292,Efficiency metrics,Assessment of recruitment process efficiency,Score,HigherIsBetter,Benefit KVI,HR,TBD,TBD,Monthly,TBD,Yes,TBD,Imported from HRBCM 2024-07-22,,,,,,,,,,,,
MET-0293,Quality metrics,Assessment of hire quality,Score,HigherIsBetter,Benefit KVI,HR,TBD,TBD,Monthly,TBD,Yes,TBD,Imported from HRBCM 2024-07-22,,,,,,,,,,,,
MET-0294,Brand metrics,Assessment of employer brand strength,Score,HigherIsBetter,Benefit KVI,HR,TBD,TBD,Monthly,TBD,Yes,TBD,Imported from HRBCM 2024-07-22,,,,,,,,,,,,
MET-0295,Retention metrics,Assessment of new hire retention,Score,HigherIsBetter,Benefit KVI,HR,TBD,TBD,Monthly,TBD,Yes,TBD,Imported from HRBCM 2024-07-22,,,,,,,,,,,,
MET-0296,Diversity metrics,Assessment of diversity in recruitment,Score,HigherIsBetter,Benefit KVI,HR,TBD,TBD,Monthly,TBD,Yes,TBD,Imported from HRBCM 2024-07-22,,,,,,,,,,,,
MET-0297,Cost per hire,Measure the average cost to hire a new employee,Currency,HigherIsBetter,Benefit KPI,HR,TBD,TBD,Monthly,TBD,Yes,TBD,Imported from HRBCM 2024-07-22,,,,,,,,,,,,
MET-0298,Sourcing channel effectiveness,Measure the effectiveness of different sourcing channels,Percent,HigherIsBetter,Benefit KPI,HR,TBD,TBD,Monthly,TBD,Yes,TBD,Imported from HRBCM 2024-07-22,,,,,,,,,,,,
MET-0299,Sourcing metrics,Assessment of sourcing channel effectiveness,Score,HigherIsBetter,Benefit KVI,HR,TBD,TBD,Monthly,TBD,Yes,TBD,Imported from HRBCM 2024-07-22,,,,,,,,,,,,
MET-0300,Screening accuracy,Measure the accuracy of candidate screening,Percent,HigherIsBetter,Benefit KPI,HR,TBD,TBD,Monthly,TBD,Yes,TBD,Imported from HRBCM 2024-07-22,,,,,,,,,,,,
MET-0301,Interview to offer ratio,Measure the ratio of interviews to job offers,Number,HigherIsBetter,Benefit KPI,HR,TBD,TBD,Monthly,TBD,Yes,TBD,Imported from HRBCM 2024-07-22,,,,,,,,,,,,
MET-0302,Screening metrics,Assessment of screening accuracy,Score,HigherIsBetter,Benefit KVI,HR,TBD,TBD,Monthly,TBD,Yes,TBD,Imported from HRBCM 2024-07-22,,,,,,,,,,,,
MET-0303,Conversion metrics,Assessment of candidate conversion rates,Score,HigherIsBetter,Benefit KVI,HR,TBD,TBD,Monthly,TBD,Yes,TBD,Imported from HRBCM 2024-07-22,,,,,,,,,,,,
MET-0304,Selection fairness score,Measure the perceived fairness of the selection process,Percent,HigherIsBetter,Benefit KPI,HR,TBD,TBD,Monthly,TBD,Yes,TBD,Imported from HRBCM 2024-07-22,,,,,,,,,,,,
MET-0305,Assessment validity score,Measure the validity of assessment tools used,Percent,HigherIsBetter,Benefit KPI,HR,TBD,TBD,Monthly,TBD,Yes,TBD,Imported from HRBCM 2024-07-22,,,,,,,,,,,,
MET-0306,Selection metrics,Assessment of selection process fairness,Score,HigherIsBetter,Benefit KVI,HR,TBD,TBD,Monthly,TBD,Yes,TBD,Imported from HRBCM 2024-07-22,,,,,,,,,,,,
MET-0307,Assessment metrics,Assessment of tool validity,Score,HigherIsBetter,Benefit KVI,HR,TBD,TBD,Monthly,TBD,Yes,TBD,Imported from HRBCM 2024-07-22,,,,,,,,,,,,
MET-0308,Offer rejection reasons,Track reasons for offer rejection to identify trends,Number,HigherIsBetter,Benefit KPI,HR,TBD,TBD,Monthly,TBD,Yes,TBD,Imported from HRBCM 2024-07-22,,,,,,,,,,,,
MET-0309,Acceptance metrics,Assessment of offer acceptance trends,Score,HigherIsBetter,Benefit KVI,HR,TBD,TBD,Monthly,TBD,Yes,TBD,Imported from HRBCM 2024-07-22,,,,,,,,,,,,
MET-0310,Competitiveness metrics,Assessment of offer competitiveness,Score,HigherIsBetter,Benefit KVI,HR,TBD,TBD,Monthly,TBD,Yes,TBD,Imported from HRBCM 2024-07-22,,,,,,,,,,,,
MET-0311,Onboarding satisfaction score,Measure new hire satisfaction with onboarding,Percent,HigherIsBetter,Benefit KPI,HR,TBD,TBD,Monthly,TBD,Yes,TBD,Imported from HRBCM 2024-07-22,,,,,,,,,,,,
MET-0312,Time to productivity,Measure the time taken for new hires to become productive,Days,HigherIsBetter,Benefit KPI,HR,TBD,TBD,Monthly,TBD,Yes,TBD,Imported from HRBCM 2024-07-22,,,,,,,,,,,,
MET-0313,Onboarding metrics,Assessment of onboarding effectiveness,Score,HigherIsBetter,Benefit KVI,HR,TBD,TBD,Monthly,TBD,Yes,TBD,Imported from HRBCM 2024-07-22,,,,,,,,,,,,
MET-0314,Productivity metrics,Assessment of new hire productivity,Score,HigherIsBetter,Benefit KVI,HR,TBD,TBD,Monthly,TBD,Yes,TBD,Imported from HRBCM 2024-07-22,,,,,,,,,,,,
MET-0315,Pay accuracy rate,Measure the accuracy of pay calculations,Percent,HigherIsBetter,Benefit KPI,HR,TBD,TBD,Monthly,TBD,Yes,TBD,Imported from HRBCM 2024-07-22,,,,,,,,,,,,
MET-0316,Payroll processing time,Measure the time taken to process payroll,Days,HigherIsBetter,Benefit KPI,HR,TBD,TBD,Monthly,TBD,Yes,TBD,Imported from HRBCM 2024-07-22,,,,,,,,,,,,
MET-0317,Compliance rate with pay regulations,Measure compliance with pay regulations,Percent,HigherIsBetter,Benefit KPI,HR,TBD,TBD,Monthly,TBD,Yes,TBD,Imported from HRBCM 2024-07-22,,,,,,,,,,,,
MET-0318,Overpayment recovery rate,Measure the rate of recovering overpayments,Percent,HigherIsBetter,Benefit KPI,HR,TBD,TBD,Monthly,TBD,Yes,TBD,Imported from HRBCM 2024-07-22,,,,,,,,,,,,
MET-0319,Payroll cost per employee,Measure the cost of payroll administration per employee,Currency,HigherIsBetter,Benefit KPI,HR,TBD,TBD,Monthly,TBD,Yes,TBD,Imported from HRBCM 2024-07-22,,,,,,,,,,,,
MET-0320,Accuracy metrics,Assessment of payroll accuracy,Score,HigherIsBetter,Benefit KVI,HR,TBD,TBD,Monthly,TBD,Yes,TBD,Imported from HRBCM 2024-07-22,,,,,,,,,,,,
MET-0321,Efficiency metrics,Assessment of payroll processing efficiency,Score,HigherIsBetter,Benefit KVI,HR,TBD,TBD,Monthly,TBD,Yes,TBD,Imported from HRBCM 2024-07-22,,,,,,,,,,,,
MET-0322,Compliance metrics with regulations,Assessment of payroll compliance,Score,HigherIsBetter,Benefit KVI,HR,TBD,TBD,Monthly,TBD,Yes,TBD,Imported from HRBCM 2024-07-22,,,,,,,,,,,,
MET-0323,Financial metrics,Assessment of financial impact of payroll errors,Score,HigherIsBetter,Benefit KVI,HR,TBD,TBD,Monthly,TBD,Yes,TBD,Imported from HRBCM 2024-07-22,,,,,,,,,,,,
MET-0324,Cost metrics,Assessment of payroll administration costs,Score,HigherIsBetter,Benefit KVI,HR,TBD,TBD,Monthly,TBD,Yes,TBD,Imported from HRBCM 2024-07-22,,,,,,,,,,,,
MET-0325,Benefit utilization rate,Measure the utilization of employee benefits,Percent,HigherIsBetter,Benefit KPI,HR,TBD,TBD,Monthly,TBD,Yes,TBD,Imported from HRBCM 2024-07-22,,,,,,,,,,,,
MET-0326,Benefit cost per employee,Measure the cost of benefits per employee,Currency,HigherIsBetter,Benefit KPI,HR,TBD,TBD,Monthly,TBD,Yes,TBD,Imported from HRBCM 2024-07-22,,,,,,,,,,,,
MET-0327,Employee satisfaction with benefits,Measure employee satisfaction with benefits packages,Percent,HigherIsBetter,Benefit KPI,HR,TBD,TBD,Monthly,TBD,Yes,TBD,Imported from HRBCM 2024-07-22,,,,,,,,,,,,
MET-0328,Benefit processing time,Measure the time taken to process benefit claims,Days,HigherIsBetter,Benefit KPI,HR,TBD,TBD,Monthly,TBD,Yes,TBD,Imported from HRBCM 2024-07-22,,,,,,,,,,,,
MET-0329,Utilization metrics,Assessment of benefit utilization,Score,HigherIsBetter,Benefit KVI,HR,TBD,TBD,Monthly,TBD,Yes,TBD,Imported from HRBCM 2024-07-22,,,,,,,,,,,,
MET-0330,Processing metrics,Assessment of benefit processing efficiency,Score,HigherIsBetter,Benefit KVI,HR,TBD,TBD,Monthly,TBD,Yes,TBD,Imported from HRBCM 2024-07-22,,,,,,,,,,,,
MET-0331,Leave balance accuracy,Measure the accuracy of leave balance records,Percent,HigherIsBetter,Benefit KPI,HR,TBD,TBD,Monthly,TBD,Yes,TBD,Imported from HRBCM 2024-07-22,,,,,,,,,,,,
MET-0332,Leave request processing time,Measure the time taken to process leave requests,Days,HigherIsBetter,Benefit KPI,HR,TBD,TBD,Monthly,TBD,Yes,TBD,Imported from HRBCM 2024-07-22,,,,,,,,,,,,
MET-0333,Absenteeism rate,Measure the rate of absenteeism,Percent,HigherIsBetter,Benefit KPI,HR,TBD,TBD,Monthly,TBD,Yes,TBD,Imported from HRBCM 2024-07-22,,,,,,,,,,,,
MET-0334,Leave compliance rate,Measure compliance with leave policies,Percent,HigherIsBetter,Benefit KPI,HR,TBD,TBD,Monthly,TBD,Yes,TBD,Imported from HRBCM 2024-07-22,,,,,,,,,,,,
MET-0335,Accuracy metrics,Assessment of leave record accuracy,Score,HigherIsBetter,Benefit KVI,HR,TBD,TBD,Monthly,TBD,Yes,TBD,Imported from HRBCM 2024-07-22,,,,,,,,,,,,
MET-0336,Processing metrics,Assessment of leave processing efficiency,Score,HigherIsBetter,Benefit KVI,HR,TBD,TBD,Monthly,TBD,Yes,TBD,Imported from HRBCM 2024-07-22,,,,,,,,,,,,
MET-0337,Productivity metrics,Assessment of impact of absenteeism on productivity,Score,HigherIsBetter,Benefit KVI,HR,TBD,TBD,Monthly,TBD,Yes,TBD,Imported from HRBCM 2024-07-22,,,,,,,,,,,,
MET-0338,Compliance metrics with leave policies,Assessment of leave policy compliance,Score,HigherIsBetter,Benefit KVI,HR,TBD,TBD,Monthly,TBD,Yes,TBD,Imported from HRBCM 2024-07-22,,,,,,,,,,,,
MET-0339,Deduction accuracy rate,Measure the accuracy of payroll deductions,Percent,HigherIsBetter,Benefit KPI,HR,TBD,TBD,Monthly,TBD,Yes,TBD,Imported from HRBCM 2024-07-22,,,,,,,,,,,,
MET-0340,Remittance timeliness,Measure the timeliness of remitting deductions to authorities,Days,HigherIsBetter,Benefit KPI,HR,TBD,TBD,Monthly,TBD,Yes,TBD,Imported from HRBCM 2024-07-22,,,,,,,,,,,,
MET-0341,Compliance rate with tax laws,Measure compliance with tax laws regarding deductions,Percent,HigherIsBetter,Benefit KPI,HR,TBD,TBD,Monthly,TBD,Yes,TBD,Imported from HRBCM 2024-07-22,,,,,,,,,,,,
MET-0342,Accuracy metrics,Assessment of deduction accuracy,Score,HigherIsBetter,Benefit KVI,HR,TBD,TBD,Monthly,TBD,Yes,TBD,Imported from HRBCM 2024-07-22,,,,,,,,,,,,
MET-0343,Compliance metrics with tax laws,Assessment of tax compliance,Score,HigherIsBetter,Benefit KVI,HR,TBD,TBD,Monthly,TBD,Yes,TBD,Imported from HRBCM 2024-07-22,,,,,,,,,,,,
MET-0344,Pension calculation accuracy,Measure the accuracy of pension calculations,Percent,HigherIsBetter,Benefit KPI,HR,TBD,TBD,Monthly,TBD,Yes,TBD,Imported from HRBCM 2024-07-22,,,,,,,,,,,,
MET-0345,Pension processing time,Measure the time taken to process pension applications,Days,HigherIsBetter,Benefit KPI,HR,TBD,TBD,Monthly,TBD,Yes,TBD,Imported from HRBCM 2024-07-22,,,,,,,,,,,,
MET-0346,Retiree satisfaction score,Measure retiree satisfaction with pension services,Percent,HigherIsBetter,Benefit KPI,HR,TBD,TBD,Monthly,TBD,Yes,TBD,Imported from HRBCM 2024-07-22,,,,,,,,,,,,
MET-0347,Pension fund solvency ratio,Measure the solvency ratio of the pension fund,Percent,HigherIsBetter,Benefit KPI,HR,TBD,TBD,Monthly,TBD,Yes,TBD,Imported from HRBCM 2024-07-22,,,,,,,,,,,,
MET-0348,Accuracy metrics,Assessment of pension calculation accuracy,Score,HigherIsBetter,Benefit KVI,HR,TBD,TBD,Monthly,TBD,Yes,TBD,Imported from HRBCM 2024-07-22,,,,,,,,,,,,
MET-0349,Processing metrics,Assessment of pension processing efficiency,Score,HigherIsBetter,Benefit KVI,HR,TBD,TBD,Monthly,TBD,Yes,TBD,Imported from HRBCM 2024-07-22,,,,,,,,,,,,
MET-0350,Satisfaction metrics,Assessment of retiree satisfaction,Score,HigherIsBetter,Benefit KVI,HR,TBD,TBD,Monthly,TBD,Yes,TBD,Imported from HRBCM 2024-07-22,,,,,,,,,,,,
MET-0351,Financial metrics,Assessment of pension fund health,Score,HigherIsBetter,Benefit KVI,HR,TBD,TBD,Monthly,TBD,Yes,TBD,Imported from HRBCM 2024-07-22,,,,,,,,,,,,
MET-0352,Enrollment accuracy rate,Measure the accuracy of benefit enrollments,Percent,HigherIsBetter,Benefit KPI,HR,TBD,TBD,Monthly,TBD,Yes,TBD,Imported from HRBCM 2024-07-22,,,,,,,,,,,,
MET-0353,Enrollment processing time,Measure the time taken to process enrollments,Days,HigherIsBetter,Benefit KPI,HR,TBD,TBD,Monthly,TBD,Yes,TBD,Imported from HRBCM 2024-07-22,,,,,,,,,,,,
MET-0354,Employee participation rate,Measure the participation rate in benefit programs,Percent,HigherIsBetter,Benefit KPI,HR,TBD,TBD,Monthly,TBD,Yes,TBD,Imported from HRBCM 2024-07-22,,,,,,,,,,,,
MET-0355,Accuracy metrics,Assessment of enrollment accuracy,Score,HigherIsBetter,Benefit KVI,HR,TBD,TBD,Monthly,TBD,Yes,TBD,Imported from HRBCM 2024-07-22,,,,,,,,,,,,
MET-0356,Efficiency metrics,Assessment of enrollment processing efficiency,Score,HigherIsBetter,Benefit KVI,HR,TBD,TBD,Monthly,TBD,Yes,TBD,Imported from HRBCM 2024-07-22,,,,,,,,,,,,
MET-0357,Engagement metrics,Assessment of employee engagement with benefits,Score,HigherIsBetter,Benefit KVI,HR,TBD,TBD,Monthly,TBD,Yes,TBD,Imported from HRBCM 2024-07-22,,,,,,,,,,,,
MET-0358,Performance goal alignment,Measure the alignment of individual goals with organizational objectives,Percent,HigherIsBetter,Benefit KPI,HR,TBD,TBD,Monthly,TBD,Yes,TBD,Imported from HRBCM 2024-07-22,,,,,,,,,,,,
MET-0359,Goal achievement rate,Measure the percentage of performance goals achieved,Percent,HigherIsBetter,Benefit KPI,HR,TBD,TBD,Monthly,TBD,Yes,TBD,Imported from HRBCM 2024-07-22,,,,,,,,,,,,
MET-0360,Performance review completion rate,Measure the completion rate of performance reviews,Percent,HigherIsBetter,Benefit KPI,HR,TBD,TBD,Monthly,TBD,Yes,TBD,Imported from HRBCM 2024-07-22,,,,,,,,,,,,
MET-0361,High performer retention rate,Measure the retention rate of high-performing employees,Percent,HigherIsBetter,Benefit KPI,HR,TBD,TBD,Monthly,TBD,Yes,TBD,Imported from HRBCM 2024-07-22,,,,,,,,,,,,
MET-0362,Productivity improvement rate,Measure the rate of productivity improvement linked to performance management,Percent,HigherIsBetter,Benefit KPI,HR,TBD,TBD,Monthly,TBD,Yes,TBD,Imported from HRBCM 2024-07-22,,,,,,,,,,,,
MET-0363,Alignment metrics,Assessment of goal alignment,Score,HigherIsBetter,Benefit KVI,HR,TBD,TBD,Monthly,TBD,Yes,TBD,Imported from HRBCM 2024-07-22,,,,,,,,,,,,
MET-0364,Achievement metrics,Assessment of goal achievement,Score,HigherIsBetter,Benefit KVI,HR,TBD,TBD,Monthly,TBD,Yes,TBD,Imported from HRBCM 2024-07-22,,,,,,,,,,,,
MET-0365,Compliance metrics with reviews,Assessment of review completion compliance,Score,HigherIsBetter,Benefit KVI,HR,TBD,TBD,Monthly,TBD,Yes,TBD,Imported from HRBCM 2024-07-22,,,,,,,,,,,,
MET-0366,Retention metrics,Assessment of high performer retention,Score,HigherIsBetter,Benefit KVI,HR,TBD,TBD,Monthly,TBD,Yes,TBD,Imported from HRBCM 2024-07-22,,,,,,,,,,,,
MET-0367,Productivity metrics,Assessment of productivity improvements,Score,HigherIsBetter,Benefit KVI,HR,TBD,TBD,Monthly,TBD,Yes,TBD,Imported from HRBCM 2024-07-22,,,,,,,,,,,,
MET-0368,Competency gap reduction,Measure the reduction in competency gaps,Percent,HigherIsBetter,Benefit KPI,HR,TBD,TBD,Monthly,TBD,Yes,TBD,Imported from HRBCM 2024-07-22,,,,,,,,,,,,
MET-0369,Skill acquisition rate,Measure the rate at which employees acquire new skills,Percent,HigherIsBetter,Benefit KPI,HR,TBD,TBD,Monthly,TBD,Yes,TBD,Imported from HRBCM 2024-07-22,,,,,,,,,,,,
MET-0370,Training ROI,Measure the return on investment for training programs,Percent,HigherIsBetter,Benefit KPI,HR,TBD,TBD,Monthly,TBD,Yes,TBD,Imported from HRBCM 2024-07-22,,,,,,,,,,,,
MET-0371,Career progression rate,Measure the rate of employee career progression,Percent,HigherIsBetter,Benefit KPI,HR,TBD,TBD,Monthly,TBD,Yes,TBD,Imported from HRBCM 2024-07-22,,,,,,,,,,,,
MET-0372,Competency metrics,Assessment of competency gap reduction,Score,HigherIsBetter,Benefit KVI,HR,TBD,TBD,Monthly,TBD,Yes,TBD,Imported from HRBCM 2024-07-22,,,,,,,,,,,,
MET-0373,Skill metrics,Assessment of skill acquisition,Score,HigherIsBetter,Benefit KVI,HR,TBD,TBD,Monthly,TBD,Yes,TBD,Imported from HRBCM 2024-07-22,,,,,,,,,,,,
MET-0374,ROI metrics,Assessment of training ROI,Score,HigherIsBetter,Benefit KVI,HR,TBD,TBD,Monthly,TBD,Yes,TBD,Imported from HRBCM 2024-07-22,,,,,,,,,,,,
MET-0375,Progression metrics,Assessment of career progression,Score,HigherIsBetter,Benefit KVI,HR,TBD,TBD,Monthly,TBD,Yes,TBD,Imported from HRBCM 2024-07-22,,,,,,,,,,,,
MET-0376,Recognition program participation,Measure participation in recognition programs,Percent,HigherIsBetter,Benefit KPI,HR,TBD,TBD,Monthly,TBD,Yes,TBD,Imported from HRBCM 2024-07-22,,,,,,,,,,,,
MET-0377,Employee morale score,Measure employee morale through surveys,Index,HigherIsBetter,Benefit KPI,HR,TBD,TBD,Monthly,TBD,Yes,TBD,Imported from HRBCM 2024-07-22,,,,,,,,,,,,
MET-0378,Recognition impact score,Measure the impact of recognition on performance,Percent,HigherIsBetter,Benefit KPI,HR,TBD,TBD,Monthly,TBD,Yes,TBD,Imported from HRBCM 2024-07-22,,,,,,,,,,,,
MET-0379,Participation metrics,Assessment of recognition program participation,Score,HigherIsBetter,Benefit KVI,HR,TBD,TBD,Monthly,TBD,Yes,TBD,Imported from HRBCM 2024-07-22,,,,,,,,,,,,
MET-0380,Morale metrics,Assessment of employee morale,Score,HigherIsBetter,Benefit KVI,HR,TBD,TBD,Monthly,TBD,Yes,TBD,Imported from HRBCM 2024-07-22,,,,,,,,,,,,
MET-0381,Impact metrics,Assessment of recognition impact,Score,HigherIsBetter,Benefit KVI,HR,TBD,TBD,Monthly,TBD,Yes,TBD,Imported from HRBCM 2024-07-22,,,,,,,,,,,,
MET-0382,Training satisfaction score,Measure employee satisfaction with training programs,Percent,HigherIsBetter,Benefit KPI,HR,TBD,TBD,Monthly,TBD,Yes,TBD,Imported from HRBCM 2024-07-22,,,,,,,,,,,,
MET-0383,Skill application rate,Measure the rate at which training is applied on the job,Percent,HigherIsBetter,Benefit KPI,HR,TBD,TBD,Monthly,TBD,Yes,TBD,Imported from HRBCM 2024-07-22,,,,,,,,,,,,
MET-0384,Training cost per employee,Measure the cost of training per employee,Currency,HigherIsBetter,Benefit KPI,HR,TBD,TBD,Monthly,TBD,Yes,TBD,Imported from HRBCM 2024-07-22,,,,,,,,,,,,
MET-0385,Satisfaction metrics,Assessment of training satisfaction,Score,HigherIsBetter,Benefit KVI,HR,TBD,TBD,Monthly,TBD,Yes,TBD,Imported from HRBCM 2024-07-22,,,,,,,,,,,,
MET-0386,Application metrics,Assessment of skill application,Score,HigherIsBetter,Benefit KVI,HR,TBD,TBD,Monthly,TBD,Yes,TBD,Imported from HRBCM 2024-07-22,,,,,,,,,,,,
MET-0387,Cost metrics,Assessment of training costs,Score,HigherIsBetter,Benefit KVI,HR,TBD,TBD,Monthly,TBD,Yes,TBD,Imported from HRBCM 2024-07-22,,,,,,,,,,,,
MET-0388,Training access rate,Measure the percentage of employees with access to training,Percent,HigherIsBetter,Benefit KPI,HR,TBD,TBD,Monthly,TBD,Yes,TBD,Imported from HRBCM 2024-07-22,,,,,,,,,,,,
MET-0389,Compliance training completion,Measure the completion rate of mandatory compliance training,Percent,HigherIsBetter,Benefit KPI,HR,TBD,TBD,Monthly,TBD,Yes,TBD,Imported from HRBCM 2024-07-22,,,,,,,,,,,,
MET-0390,Access metrics,Assessment of training accessibility,Score,HigherIsBetter,Benefit KVI,HR,TBD,TBD,Monthly,TBD,Yes,TBD,Imported from HRBCM 2024-07-22,,,,,,,,,,,,
MET-0391,Compliance metrics,Assessment of compliance training completion,Score,HigherIsBetter,Benefit KVI,HR,TBD,TBD,Monthly,TBD,Yes,TBD,Imported from HRBCM 2024-07-22,,,,,,,,,,,,
MET-0392,Training delivery time,Measure the time taken to deliver training programs,Days,HigherIsBetter,Benefit KPI,HR,TBD,TBD,Monthly,TBD,Yes,TBD,Imported from HRBCM 2024-07-22,,,,,,,,,,,,
MET-0393,Instructor quality score,Measure the quality of instructors through feedback,Percent,HigherIsBetter,Benefit KPI,HR,TBD,TBD,Monthly,TBD,Yes,TBD,Imported from HRBCM 2024-07-22,,,,,,,,,,,,
MET-0394,Efficiency metrics,Assessment of training delivery efficiency,Score,HigherIsBetter,Benefit KVI,HR,TBD,TBD,Monthly,TBD,Yes,TBD,Imported from HRBCM 2024-07-22,,,,,,,,,,,,
MET-0395,Quality metrics,Assessment of instructor quality,Score,HigherIsBetter,Benefit KVI,HR,TBD,TBD,Monthly,TBD,Yes,TBD,Imported from HRBCM 2024-07-22,,,,,,,,,,,,
MET-0396,Certification renewal rate,Measure the rate of certification renewals,Percent,HigherIsBetter,Benefit KPI,HR,TBD,TBD,Monthly,TBD,Yes,TBD,Imported from HRBCM 2024-07-22,,,,,,,,,,,,
MET-0397,Compliance metrics with certification,Assessment of certification compliance,Score,HigherIsBetter,Benefit KVI,HR,TBD,TBD,Monthly,TBD,Yes,TBD,Imported from HRBCM 2024-07-22,,,,,,,,,,,,
MET-0398,Skill gap metrics,Assessment of skill gaps addressed by certification,Score,HigherIsBetter,Benefit KVI,HR,TBD,TBD,Monthly,TBD,Yes,TBD,Imported from HRBCM 2024-07-22,,,,,,,,,,,,
MET-0399,Language proficiency rate,Measure the percentage of employees meeting language requirements,Percent,HigherIsBetter,Benefit KPI,HR,TBD,TBD,Monthly,TBD,Yes,TBD,Imported from HRBCM 2024-07-22,,,,,,,,,,,,
MET-0400,Training effectiveness score,Measure the effectiveness of language training,Percent,HigherIsBetter,Benefit KPI,HR,TBD,TBD,Monthly,TBD,Yes,TBD,Imported from HRBCM 2024-07-22,,,,,,,,,,,,
MET-0401,Proficiency metrics,Assessment of language proficiency,Score,HigherIsBetter,Benefit KVI,HR,TBD,TBD,Monthly,TBD,Yes,TBD,Imported from HRBCM 2024-07-22,,,,,,,,,,,,
MET-0402,Effectiveness metrics,Assessment of language training effectiveness,Score,HigherIsBetter,Benefit KVI,HR,TBD,TBD,Monthly,TBD,Yes,TBD,Imported from HRBCM 2024-07-22,,,,,,,,,,,,
MET-0403,Accommodation request resolution time,Measure the time taken to resolve accommodation requests,Days,HigherIsBetter,Benefit KPI,HR,TBD,TBD,Monthly,TBD,Yes,TBD,Imported from HRBCM 2024-07-22,,,,,,,,,,,,
MET-0404,Accommodation satisfaction score,Measure employee satisfaction with accommodations,Percent,HigherIsBetter,Benefit KPI,HR,TBD,TBD,Monthly,TBD,Yes,TBD,Imported from HRBCM 2024-07-22,,,,,,,,,,,,
MET-0405,Accessibility compliance rate,Measure compliance with accessibility standards,Percent,HigherIsBetter,Benefit KPI,HR,TBD,TBD,Monthly,TBD,Yes,TBD,Imported from HRBCM 2024-07-22,,,,,,,,,,,,
MET-0406,Resolution metrics,Assessment of accommodation resolution efficiency,Score,HigherIsBetter,Benefit KVI,HR,TBD,TBD,Monthly,TBD,Yes,TBD,Imported from HRBCM 2024-07-22,,,,,,,,,,,,
MET-0407,Satisfaction metrics,Assessment of accommodation satisfaction,Score,HigherIsBetter,Benefit KVI,HR,TBD,TBD,Monthly,TBD,Yes,TBD,Imported from HRBCM 2024-07-22,,,,,,,,,,,,
MET-0408,Compliance metrics with accessibility,Assessment of accessibility compliance,Score,HigherIsBetter,Benefit KVI,HR,TBD,TBD,Monthly,TBD,Yes,TBD,Imported from HRBCM 2024-07-22,,,,,,,,,,,,
MET-0409,Wellness program ROI,Measure the return on investment for wellness programs,Percent,HigherIsBetter,Benefit KPI,HR,TBD,TBD,Monthly,TBD,Yes,TBD,Imported from HRBCM 2024-07-22,,,,,,,,,,,,
MET-0410,Employee health index,Measure overall employee health through surveys,Index,HigherIsBetter,Benefit KPI,HR,TBD,TBD,Monthly,TBD,Yes,TBD,Imported from HRBCM 2024-07-22,,,,,,,,,,,,
MET-0411,Absenteeism reduction rate,Measure the reduction in absenteeism due to wellness programs,Percent,HigherIsBetter,Benefit KPI,HR,TBD,TBD,Monthly,TBD,Yes,TBD,Imported from HRBCM 2024-07-22,,,,,,,,,,,,
MET-0412,Engagement metrics,Assessment of wellness program engagement,Score,HigherIsBetter,Benefit KVI,HR,TBD,TBD,Monthly,TBD,Yes,TBD,Imported from HRBCM 2024-07-22,,,,,,,,,,,,
MET-0413,Health metrics,Assessment of employee health,Score,HigherIsBetter,Benefit KVI,HR,TBD,TBD,Monthly,TBD,Yes,TBD,Imported from HRBCM 2024-07-22,,,,,,,,,,,,
MET-0414,Productivity metrics,Assessment of productivity improvements from wellness,Score,HigherIsBetter,Benefit KVI,HR,TBD,TBD,Monthly,TBD,Yes,TBD,Imported from HRBCM 2024-07-22,,,,,,,,,,,,
MET-0415,Psychological safety score,Measure psychological safety through surveys,Index,HigherIsBetter,Benefit KPI,HR,TBD,TBD,Monthly,TBD,Yes,TBD,Imported from HRBCM 2024-07-22,,,,,,,,,,,,
MET-0416,Mental health incident rate,Measure the rate of mental health incidents,Number,HigherIsBetter,Benefit KPI,HR,TBD,TBD,Monthly,TBD,Yes,TBD,Imported from HRBCM 2024-07-22,,,,,,,,,,,,
MET-0417,Support utilization rate,Measure the utilization of mental health support services,Percent,HigherIsBetter,Benefit KPI,HR,TBD,TBD,Monthly,TBD,Yes,TBD,Imported from HRBCM 2024-07-22,,,,,,,,,,,,
MET-0418,Safety metrics,Assessment of psychological safety,Score,HigherIsBetter,Benefit KVI,HR,TBD,TBD,Monthly,TBD,Yes,TBD,Imported from HRBCM 2024-07-22,,,,,,,,,,,,
MET-0419,Incident metrics,Assessment of mental health incidents,Score,HigherIsBetter,Benefit KVI,HR,TBD,TBD,Monthly,TBD,Yes,TBD,Imported from HRBCM 2024-07-22,,,,,,,,,,,,
MET-0420,Support metrics,Assessment of mental health support utilization,Score,HigherIsBetter,Benefit KVI,HR,TBD,TBD,Monthly,TBD,Yes,TBD,Imported from HRBCM 2024-07-22,,,,,,,,,,,,
MET-0421,Incident reduction rate,Measure the reduction in workplace incidents,Percent,HigherIsBetter,Benefit KPI,HR,TBD,TBD,Monthly,TBD,Yes,TBD,Imported from HRBCM 2024-07-22,,,,,,,,,,,,
MET-0422,Safety compliance rate,Measure compliance with safety regulations,Percent,HigherIsBetter,Benefit KPI,HR,TBD,TBD,Monthly,TBD,Yes,TBD,Imported from HRBCM 2024-07-22,,,,,,,,,,,,
MET-0423,Training completion rate,Measure completion of safety training,Percent,HigherIsBetter,Benefit KPI,HR,TBD,TBD,Monthly,TBD,Yes,TBD,Imported from HRBCM 2024-07-22,,,,,,,,,,,,
MET-0424,Safety metrics,Assessment of workplace safety,Score,HigherIsBetter,Benefit KVI,HR,TBD,TBD,Monthly,TBD,Yes,TBD,Imported from HRBCM 2024-07-22,,,,,,,,,,,,
MET-0425,Compliance metrics,Assessment of safety compliance,Score,HigherIsBetter,Benefit KVI,HR,TBD,TBD,Monthly,TBD,Yes,TBD,Imported from HRBCM 2024-07-22,,,,,,,,,,,,
MET-0426,Training metrics,Assessment of safety training effectiveness,Score,HigherIsBetter,Benefit KVI,HR,TBD,TBD,Monthly,TBD,Yes,TBD,Imported from HRBCM 2024-07-22,,,,,,,,,,,,
MET-0427,Incident response time,Measure the time taken to respond to incidents,Days,HigherIsBetter,Benefit KPI,HR,TBD,TBD,Monthly,TBD,Yes,TBD,Imported from HRBCM 2024-07-22,,,,,,,,,,,,
MET-0428,Investigation completion rate,Measure the completion rate of incident investigations,Percent,HigherIsBetter,Benefit KPI,HR,TBD,TBD,Monthly,TBD,Yes,TBD,Imported from HRBCM 2024-07-22,,,,,,,,,,,,
MET-0429,Preventive action implementation,Measure the implementation of preventive actions,Percent,HigherIsBetter,Benefit KPI,HR,TBD,TBD,Monthly,TBD,Yes,TBD,Imported from HRBCM 2024-07-22,,,,,,,,,,,,
MET-0430,Response metrics,Assessment of incident response efficiency,Score,HigherIsBetter,Benefit KVI,HR,TBD,TBD,Monthly,TBD,Yes,TBD,Imported from HRBCM 2024-07-22,,,,,,,,,,,,
MET-0431,Investigation metrics,Assessment of investigation thoroughness,Score,HigherIsBetter,Benefit KVI,HR,TBD,TBD,Monthly,TBD,Yes,TBD,Imported from HRBCM 2024-07-22,,,,,,,,,,,,
MET-0432,Prevention metrics,Assessment of preventive action effectiveness,Score,HigherIsBetter,Benefit KVI,HR,TBD,TBD,Monthly,TBD,Yes,TBD,Imported from HRBCM 2024-07-22,,,,,,,,,,,,
MET-0433,Inspection compliance rate,Measure compliance with inspection schedules,Percent,HigherIsBetter,Benefit KPI,HR,TBD,TBD,Monthly,TBD,Yes,TBD,Imported from HRBCM 2024-07-22,,,,,,,,,,,,
MET-0434,Hazard identification rate,Measure the rate of hazards identified during inspections,Number,HigherIsBetter,Benefit KPI,HR,TBD,TBD,Monthly,TBD,Yes,TBD,Imported from HRBCM 2024-07-22,,,,,,,,,,,,
MET-0435,Correction rate,Measure the rate of correcting identified hazards,Percent,HigherIsBetter,Benefit KPI,HR,TBD,TBD,Monthly,TBD,Yes,TBD,Imported from HRBCM 2024-07-22,,,,,,,,,,,,
MET-0436,Inspection metrics,Assessment of inspection compliance,Score,HigherIsBetter,Benefit KVI,HR,TBD,TBD,Monthly,TBD,Yes,TBD,Imported from HRBCM 2024-07-22,,,,,,,,,,,,
MET-0437,Hazard metrics,Assessment of hazard identification,Score,HigherIsBetter,Benefit KVI,HR,TBD,TBD,Monthly,TBD,Yes,TBD,Imported from HRBCM 2024-07-22,,,,,,,,,,,,
MET-0438,Correction metrics,Assessment of hazard correction,Score,HigherIsBetter,Benefit KVI,HR,TBD,TBD,Monthly,TBD,Yes,TBD,Imported from HRBCM 2024-07-22,,,,,,,,,,,,
MET-0439,Values alignment score,Measure the alignment of employee behavior with core values,Percent,HigherIsBetter,Benefit KPI,HR,TBD,TBD,Monthly,TBD,Yes,TBD,Imported from HRBCM 2024-07-22,,,,,,,,,,,,
MET-0440,Ethics violation rate,Measure the rate of ethics violations,Number,HigherIsBetter,Benefit KPI,HR,TBD,TBD,Monthly,TBD,Yes,TBD,Imported from HRBCM 2024-07-22,,,,,,,,,,,,
MET-0441,Training completion rate,Measure completion of ethics training,Percent,HigherIsBetter,Benefit KPI,HR,TBD,TBD,Monthly,TBD,Yes,TBD,Imported from HRBCM 2024-07-22,,,,,,,,,,,,
MET-0442,Alignment metrics,Assessment of values alignment,Score,HigherIsBetter,Benefit KVI,HR,TBD,TBD,Monthly,TBD,Yes,TBD,Imported from HRBCM 2024-07-22,,,,,,,,,,,,
MET-0443,Ethics metrics,Assessment of ethical behavior,Score,HigherIsBetter,Benefit KVI,HR,TBD,TBD,Monthly,TBD,Yes,TBD,Imported from HRBCM 2024-07-22,,,,,,,,,,,,
MET-0444,Training metrics,Assessment of ethics training completion,Score,HigherIsBetter,Benefit KVI,HR,TBD,TBD,Monthly,TBD,Yes,TBD,Imported from HRBCM 2024-07-22,,,,,,,,,,,,
MET-0445,Conflict resolution rate,Measure the rate of conflicts resolved through ADR,Percent,HigherIsBetter,Benefit KPI,HR,TBD,TBD,Monthly,TBD,Yes,TBD,Imported from HRBCM 2024-07-22,,,,,,,,,,,,
MET-0446,Employee satisfaction with ADR,Measure employee satisfaction with the ADR process,Percent,HigherIsBetter,Benefit KPI,HR,TBD,TBD,Monthly,TBD,Yes,TBD,Imported from HRBCM 2024-07-22,,,,,,,,,,,,
MET-0447,Resolution time,Measure the time taken to resolve conflicts,Days,HigherIsBetter,Benefit KPI,HR,TBD,TBD,Monthly,TBD,Yes,TBD,Imported from HRBCM 2024-07-22,,,,,,,,,,,,
MET-0448,Resolution metrics,Assessment of conflict resolution effectiveness,Score,HigherIsBetter,Benefit KVI,HR,TBD,TBD,Monthly,TBD,Yes,TBD,Imported from HRBCM 2024-07-22,,,,,,,,,,,,
MET-0449,Satisfaction metrics,Assessment of satisfaction with ADR,Score,HigherIsBetter,Benefit KVI,HR,TBD,TBD,Monthly,TBD,Yes,TBD,Imported from HRBCM 2024-07-22,,,,,,,,,,,,
MET-0450,Efficiency metrics,Assessment of resolution efficiency,Score,HigherIsBetter,Benefit KVI,HR,TBD,TBD,Monthly,TBD,Yes,TBD,Imported from HRBCM 2024-07-22,,,,,,,,,,,,
MET-0451,Conduct violation rate,Measure the rate of conduct violations,Number,HigherIsBetter,Benefit KPI,HR,TBD,TBD,Monthly,TBD,Yes,TBD,Imported from HRBCM 2024-07-22,,,,,,,,,,,,
MET-0452,Disciplinary action rate,Measure the rate of disciplinary actions taken,Number,HigherIsBetter,Benefit KPI,HR,TBD,TBD,Monthly,TBD,Yes,TBD,Imported from HRBCM 2024-07-22,,,,,,,,,,,,
MET-0453,Recidivism rate,Measure the rate of repeat violations,Percent,HigherIsBetter,Benefit KPI,HR,TBD,TBD,Monthly,TBD,Yes,TBD,Imported from HRBCM 2024-07-22,,,,,,,,,,,,
MET-0454,Conduct metrics,Assessment of employee conduct,Score,HigherIsBetter,Benefit KVI,HR,TBD,TBD,Monthly,TBD,Yes,TBD,Imported from HRBCM 2024-07-22,,,,,,,,,,,,
MET-0455,Discipline metrics,Assessment of disciplinary action effectiveness,Score,HigherIsBetter,Benefit KVI,HR,TBD,TBD,Monthly,TBD,Yes,TBD,Imported from HRBCM 2024-07-22,,,,,,,,,,,,
MET-0456,Recidivism metrics,Assessment of behavior improvement,Score,HigherIsBetter,Benefit KVI,HR,TBD,TBD,Monthly,TBD,Yes,TBD,Imported from HRBCM 2024-07-22,,,,,,,,,,,,
MET-0457,Harassment incident rate,Measure the rate of harassment incidents reported,Number,HigherIsBetter,Benefit KPI,HR,TBD,TBD,Monthly,TBD,Yes,TBD,Imported from HRBCM 2024-07-22,,,,,,,,,,,,
MET-0458,Investigation timeliness,Measure the timeliness of harassment investigations,Days,HigherIsBetter,Benefit KPI,HR,TBD,TBD,Monthly,TBD,Yes,TBD,Imported from HRBCM 2024-07-22,,,,,,,,,,,,
MET-0459,Workplace culture score,Measure workplace culture related to harassment,Index,HigherIsBetter,Benefit KPI,HR,TBD,TBD,Monthly,TBD,Yes,TBD,Imported from HRBCM 2024-07-22,,,,,,,,,,,,
MET-0460,Harassment metrics,Assessment of harassment incidents,Score,HigherIsBetter,Benefit KVI,HR,TBD,TBD,Monthly,TBD,Yes,TBD,Imported from HRBCM 2024-07-22,,,,,,,,,,,,
MET-0461,Investigation metrics,Assessment of investigation timeliness,Score,HigherIsBetter,Benefit KVI,HR,TBD,TBD,Monthly,TBD,Yes,TBD,Imported from HRBCM 2024-07-22,,,,,,,,,,,,
MET-0462,Culture metrics,Assessment of workplace culture,Score,HigherIsBetter,Benefit KVI,HR,TBD,TBD,Monthly,TBD,Yes,TBD,Imported from HRBCM 2024-07-22,,,,,,,,,,,,
MET-0463,Diversity representation,Measure the representation of diverse groups in the workforce,Percent,HigherIsBetter,Benefit KPI,HR,TBD,TBD,Monthly,TBD,Yes,TBD,Imported from HRBCM 2024-07-22,,,,,,,,,,,,
MET-0464,Inclusion score,Measure employee perception of inclusion,Percent,HigherIsBetter,Benefit KPI,HR,TBD,TBD,Monthly,TBD,Yes,TBD,Imported from HRBCM 2024-07-22,,,,,,,,,,,,
MET-0465,Diversity promotion rate,Measure the promotion rate of diverse employees,Percent,HigherIsBetter,Benefit KPI,HR,TBD,TBD,Monthly,TBD,Yes,TBD,Imported from HRBCM 2024-07-22,,,,,,,,,,,,
MET-0466,Diversity metrics,Assessment of workforce diversity,Score,HigherIsBetter,Benefit KVI,HR,TBD,TBD,Monthly,TBD,Yes,TBD,Imported from HRBCM 2024-07-22,,,,,,,,,,,,
MET-0467,Inclusion metrics,Assessment of workplace inclusion,Score,HigherIsBetter,Benefit KVI,HR,TBD,TBD,Monthly,TBD,Yes,TBD,Imported from HRBCM 2024-07-22,,,,,,,,,,,,
MET-0468,Promotion metrics,Assessment of career advancement for diverse groups,Score,HigherIsBetter,Benefit KVI,HR,TBD,TBD,Monthly,TBD,Yes,TBD,Imported from HRBCM 2024-07-22,,,,,,,,,,,,
MET-0469,Employment equity compliance,Measure compliance with employment equity goals,Percent,HigherIsBetter,Benefit KPI,HR,TBD,TBD,Monthly,TBD,Yes,TBD,Imported from HRBCM 2024-07-22,,,,,,,,,,,,
MET-0470,Equity plan progress,Measure progress towards employment equity plans,Percent,HigherIsBetter,Benefit KPI,HR,TBD,TBD,Monthly,TBD,Yes,TBD,Imported from HRBCM 2024-07-22,,,,,,,,,,,,
MET-0471,Gap reduction rate,Measure the reduction in representation gaps,Percent,HigherIsBetter,Benefit KPI,HR,TBD,TBD,Monthly,TBD,Yes,TBD,Imported from HRBCM 2024-07-22,,,,,,,,,,,,
MET-0472,Equity metrics,Assessment of employment equity compliance,Score,HigherIsBetter,Benefit KVI,HR,TBD,TBD,Monthly,TBD,Yes,TBD,Imported from HRBCM 2024-07-22,,,,,,,,,,,,
MET-0473,Progress metrics,Assessment of equity plan progress,Score,HigherIsBetter,Benefit KVI,HR,TBD,TBD,Monthly,TBD,Yes,TBD,Imported from HRBCM 2024-07-22,,,,,,,,,,,,
MET-0474,Gap metrics,Assessment of gap reduction,Score,HigherIsBetter,Benefit KVI,HR,TBD,TBD,Monthly,TBD,Yes,TBD,Imported from HRBCM 2024-07-22,,,,,,,,,,,,
MET-0475,Cultural awareness score,Measure employee cultural awareness through surveys,Percent,HigherIsBetter,Benefit KPI,HR,TBD,TBD,Monthly,TBD,Yes,TBD,Imported from HRBCM 2024-07-22,,,,,,,,,,,,
MET-0476,Event participation rate,Measure participation in cultural events,Percent,HigherIsBetter,Benefit KPI,HR,TBD,TBD,Monthly,TBD,Yes,TBD,Imported from HRBCM 2024-07-22,,,,,,,,,,,,
MET-0477,Inclusion index,Measure overall inclusion index related to culture,Index,HigherIsBetter,Benefit KPI,HR,TBD,TBD,Monthly,TBD,Yes,TBD,Imported from HRBCM 2024-07-22,,,,,,,,,,,,
MET-0478,Awareness metrics,Assessment of cultural awareness,Score,HigherIsBetter,Benefit KVI,HR,TBD,TBD,Monthly,TBD,Yes,TBD,Imported from HRBCM 2024-07-22,,,,,,,,,,,,
MET-0479,Participation metrics,Assessment of event participation,Score,HigherIsBetter,Benefit KVI,HR,TBD,TBD,Monthly,TBD,Yes,TBD,Imported from HRBCM 2024-07-22,,,,,,,,,,,,
MET-0480,Inclusion metrics,Assessment of cultural inclusion,Score,HigherIsBetter,Benefit KVI,HR,TBD,TBD,Monthly,TBD,Yes,TBD,Imported from HRBCM 2024-07-22,,,,,,,,,,,,
MET-0481,Identity clarity score,Measure employee understanding of organizational identity,Percent,HigherIsBetter,Benefit KPI,HR,TBD,TBD,Monthly,TBD,Yes,TBD,Imported from HRBCM 2024-07-22,,,,,,,,,,,,
MET-0482,Engagement with culture,Measure employee engagement with organizational culture,Percent,HigherIsBetter,Benefit KPI,HR,TBD,TBD,Monthly,TBD,Yes,TBD,Imported from HRBCM 2024-07-22,,,,,,,,,,,,
MET-0483,Retention impact,Measure the impact of culture on retention,Percent,HigherIsBetter,Benefit KPI,HR,TBD,TBD,Monthly,TBD,Yes,TBD,Imported from HRBCM 2024-07-22,,,,,,,,,,,,
MET-0484,Clarity metrics,Assessment of cultural identity clarity,Score,HigherIsBetter,Benefit KVI,HR,TBD,TBD,Monthly,TBD,Yes,TBD,Imported from HRBCM 2024-07-22,,,,,,,,,,,,
MET-0485,Engagement metrics,Assessment of culture engagement,Score,HigherIsBetter,Benefit KVI,HR,TBD,TBD,Monthly,TBD,Yes,TBD,Imported from HRBCM 2024-07-22,,,,,,,,,,,,
MET-0486,Retention metrics,Assessment of culture's impact on retention,Score,HigherIsBetter,Benefit KVI,HR,TBD,TBD,Monthly,TBD,Yes,TBD,Imported from HRBCM 2024-07-22,,,,,,,,,,,,
MET-0487,Resource utilization rate,Measure resource utilization efficiency,Percent,HigherIsBetter,Benefit KPI,HR,TBD,TBD,Monthly,TBD,Yes,TBD,Imported from HRBCM 2024-07-22,,,,,,,,,,,,
MET-0488,Collaboration rate,Measure collaboration levels across the organization,Percent,HigherIsBetter,Benefit KPI,HR,TBD,TBD,Monthly,TBD,Yes,TBD,Imported from HRBCM 2024-07-22,,,,,,,,,,,,
MET-0489,Strategic initiative success,Measure the success rate of strategic initiatives,Percent,HigherIsBetter,Benefit KPI,HR,TBD,TBD,Monthly,TBD,Yes,TBD,Imported from HRBCM 2024-07-22,,,,,,,,,,,,
MET-0490,Utilization metrics,Assessment of resource utilization,Score,HigherIsBetter,Benefit KVI,HR,TBD,TBD,Monthly,TBD,Yes,TBD,Imported from HRBCM 2024-07-22,,,,,,,,,,,,
MET-0491,Collaboration metrics,Assessment of collaboration levels,Score,HigherIsBetter,Benefit KVI,HR,TBD,TBD,Monthly,TBD,Yes,TBD,Imported from HRBCM 2024-07-22,,,,,,,,,,,,
MET-0492,Success metrics,Assessment of strategic initiative success,Score,HigherIsBetter,Benefit KVI,HR,TBD,TBD,Monthly,TBD,Yes,TBD,Imported from HRBCM 2024-07-22,,,,,,,,,,,,
MET-0493,Data accuracy rate,Measure the accuracy of HR data entries,Percent,HigherIsBetter,Benefit KPI,HR,TBD,TBD,Monthly,TBD,Yes,TBD,Imported from HRBCM 2024-07-22,,,,,,,,,,,,
MET-0494,Data completeness rate,Measure the completeness of HR data records,Percent,HigherIsBetter,Benefit KPI,HR,TBD,TBD,Monthly,TBD,Yes,TBD,Imported from HRBCM 2024-07-22,,,,,,,,,,,,
MET-0495,Data availability time,Measure the availability of HR data for reporting,Days,HigherIsBetter,Benefit KPI,HR,TBD,TBD,Monthly,TBD,Yes,TBD,Imported from HRBCM 2024-07-22,,,,,,,,,,,,
MET-0496,Data management cost,Measure the cost of managing HR data,Currency,HigherIsBetter,Benefit KPI,HR,TBD,TBD,Monthly,TBD,Yes,TBD,Imported from HRBCM 2024-07-22,,,,,,,,,,,,
MET-0497,Data security incidents,Measure the number of data security incidents,Number,HigherIsBetter,Benefit KPI,HR,TBD,TBD,Monthly,TBD,Yes,TBD,Imported from HRBCM 2024-07-22,,,,,,,,,,,,
MET-0498,Accuracy metrics,Assessment of data accuracy,Score,HigherIsBetter,Benefit KVI,HR,TBD,TBD,Monthly,TBD,Yes,TBD,Imported from HRBCM 2024-07-22,,,,,,,,,,,,
MET-0499,Completeness metrics,Assessment of data completeness,Score,HigherIsBetter,Benefit KVI,HR,TBD,TBD,Monthly,TBD,Yes,TBD,Imported from HRBCM 2024-07-22,,,,,,,,,,,,
MET-0500,Availability metrics,Assessment of data availability,Score,HigherIsBetter,Benefit KVI,HR,TBD,TBD,Monthly,TBD,Yes,TBD,Imported from HRBCM 2024-07-22,,,,,,,,,,,,
MET-0501,Cost metrics,Assessment of data management costs,Score,HigherIsBetter,Benefit KVI,HR,TBD,TBD,Monthly,TBD,Yes,TBD,Imported from HRBCM 2024-07-22,,,,,,,,,,,,
MET-0502,Security metrics,Assessment of data security,Score,HigherIsBetter,Benefit KVI,HR,TBD,TBD,Monthly,TBD,Yes,TBD,Imported from HRBCM 2024-07-22,,,,,,,,,,,,
MET-0503,Reporting accuracy,Measure the accuracy of HR reports,Percent,HigherIsBetter,Benefit KPI,HR,TBD,TBD,Monthly,TBD,Yes,TBD,Imported from HRBCM 2024-07-22,,,,,,,,,,,,
MET-0504,Report generation time,Measure the time taken to generate reports,Days,HigherIsBetter,Benefit KPI,HR,TBD,TBD,Monthly,TBD,Yes,TBD,Imported from HRBCM 2024-07-22,,,,,,,,,,,,
MET-0505,User satisfaction with reports,Measure user satisfaction with HR reports,Percent,HigherIsBetter,Benefit KPI,HR,TBD,TBD,Monthly,TBD,Yes,TBD,Imported from HRBCM 2024-07-22,,,,,,,,,,,,
MET-0506,Reporting compliance rate,Measure compliance with reporting standards,Percent,HigherIsBetter,Benefit KPI,HR,TBD,TBD,Monthly,TBD,Yes,TBD,Imported from HRBCM 2024-07-22,,,,,,,,,,,,
MET-0507,Analytical capability score,Measure the organization's analytical capabilities,Index,HigherIsBetter,Benefit KPI,HR,TBD,TBD,Monthly,TBD,Yes,TBD,Imported from HRBCM 2024-07-22,,,,,,,,,,,,
MET-0508,Reporting metrics,Assessment of reporting accuracy and timeliness,Score,HigherIsBetter,Benefit KVI,HR,TBD,TBD,Monthly,TBD,Yes,TBD,Imported from HRBCM 2024-07-22,,,,,,,,,,,,
MET-0509,Satisfaction metrics,Assessment of user satisfaction with reporting,Score,HigherIsBetter,Benefit KVI,HR,TBD,TBD,Monthly,TBD,Yes,TBD,Imported from HRBCM 2024-07-22,,,,,,,,,,,,
MET-0510,Compliance metrics,Assessment of reporting compliance,Score,HigherIsBetter,Benefit KVI,HR,TBD,TBD,Monthly,TBD,Yes,TBD,Imported from HRBCM 2024-07-22,,,,,,,,,,,,
MET-0511,Capability metrics,Assessment of analytical capabilities,Score,HigherIsBetter,Benefit KVI,HR,TBD,TBD,Monthly,TBD,Yes,TBD,Imported from HRBCM 2024-07-22,,,,,,,,,,,,
MET-0512,System uptime,Measure the uptime of HR systems,Percent,HigherIsBetter,Benefit KPI,HR,TBD,TBD,Monthly,TBD,Yes,TBD,Imported from HRBCM 2024-07-22,,,,,,,,,,,,
MET-0513,System response time,Measure the response time of HR systems,Days,HigherIsBetter,Benefit KPI,HR,TBD,TBD,Monthly,TBD,Yes,TBD,Imported from HRBCM 2024-07-22,,,,,,,,,,,,
MET-0514,User adoption rate,Measure the adoption rate of HR systems,Percent,HigherIsBetter,Benefit KPI,HR,TBD,TBD,Monthly,TBD,Yes,TBD,Imported from HRBCM 2024-07-22,,,,,,,,,,,,
MET-0515,Maintenance cost,Measure the cost of maintaining HR systems,Currency,HigherIsBetter,Benefit KPI,HR,TBD,TBD,Monthly,TBD,Yes,TBD,Imported from HRBCM 2024-07-22,,,,,,,,,,,,
MET-0516,Incident resolution time,Measure the time taken to resolve system incidents,Days,HigherIsBetter,Benefit KPI,HR,TBD,TBD,Monthly,TBD,Yes,TBD,Imported from HRBCM 2024-07-22,,,,,,,,,,,,
MET-0517,Reliability metrics,Assessment of system reliability,Score,HigherIsBetter,Benefit KVI,HR,TBD,TBD,Monthly,TBD,Yes,TBD,Imported from HRBCM 2024-07-22,,,,,,,,,,,,
MET-0518,Performance metrics,Assessment of system performance,Score,HigherIsBetter,Benefit KVI,HR,TBD,TBD,Monthly,TBD,Yes,TBD,Imported from HRBCM 2024-07-22,,,,,,,,,,,,
MET-0519,Adoption metrics,Assessment of system adoption,Score,HigherIsBetter,Benefit KVI,HR,TBD,TBD,Monthly,TBD,Yes,TBD,Imported from HRBCM 2024-07-22,,,,,,,,,,,,
MET-0520,Cost metrics,Assessment of maintenance costs,Score,HigherIsBetter,Benefit KVI,HR,TBD,TBD,Monthly,TBD,Yes,TBD,Imported from HRBCM 2024-07-22,,,,,,,,,,,,
MET-0521,Support metrics,Assessment of support efficiency,Score,HigherIsBetter,Benefit KVI,HR,TBD,TBD,Monthly,TBD,Yes,TBD,Imported from HRBCM 2024-07-22,,,,,,,,,,,,
MET-0522,Access control compliance,Measure compliance with access control policies,Percent,HigherIsBetter,Benefit KPI,HR,TBD,TBD,Monthly,TBD,Yes,TBD,Imported from HRBCM 2024-07-22,,,,,,,,,,,,
MET-0523,Unauthorized access incidents,Measure the number of unauthorized access incidents,Number,HigherIsBetter,Benefit KPI,HR,TBD,TBD,Monthly,TBD,Yes,TBD,Imported from HRBCM 2024-07-22,,,,,,,,,,,,
MET-0524,Access review completion,Measure the completion rate of access reviews,Percent,HigherIsBetter,Benefit KPI,HR,TBD,TBD,Monthly,TBD,Yes,TBD,Imported from HRBCM 2024-07-22,,,,,,,,,,,,
MET-0525,Security training completion,Measure the completion rate of security training,Percent,HigherIsBetter,Benefit KPI,HR,TBD,TBD,Monthly,TBD,Yes,TBD,Imported from HRBCM 2024-07-22,,,,,,,,,,,,
MET-0526,Vulnerability remediation time,Measure the time taken to remediate vulnerabilities,Days,HigherIsBetter,Benefit KPI,HR,TBD,TBD,Monthly,TBD,Yes,TBD,Imported from HRBCM 2024-07-22,,,,,,,,,,,,
MET-0527,Compliance metrics,Assessment of access control compliance,Score,HigherIsBetter,Benefit KVI,HR,TBD,TBD,Monthly,TBD,Yes,TBD,Imported from HRBCM 2024-07-22,,,,,,,,,,,,
MET-0528,Security metrics,Assessment of security incidents,Score,HigherIsBetter,Benefit KVI,HR,TBD,TBD,Monthly,TBD,Yes,TBD,Imported from HRBCM 2024-07-22,,,,,,,,,,,,
MET-0529,Review metrics,Assessment of access review completion,Score,HigherIsBetter,Benefit KVI,HR,TBD,TBD,Monthly,TBD,Yes,TBD,Imported from HRBCM 2024-07-22,,,,,,,,,,,,
MET-0530,Training metrics,Assessment of security training completion,Score,HigherIsBetter,Benefit KVI,HR,TBD,TBD,Monthly,TBD,Yes,TBD,Imported from HRBCM 2024-07-22,,,,,,,,,,,,
MET-0531,Remediation metrics,Assessment of vulnerability remediation,Score,HigherIsBetter,Benefit KVI,HR,TBD,TBD,Monthly,TBD,Yes,TBD,Imported from HRBCM 2024-07-22,,,,,,,,,,,,
MET-0532,Integration success rate,Measure the success rate of system integrations,Percent,HigherIsBetter,Benefit KPI,HR,TBD,TBD,Monthly,TBD,Yes,TBD,Imported from HRBCM 2024-07-22,,,,,,,,,,,,
MET-0533,Data flow accuracy,Measure the accuracy of data flow between systems,Percent,HigherIsBetter,Benefit KPI,HR,TBD,TBD,Monthly,TBD,Yes,TBD,Imported from HRBCM 2024-07-22,,,,,,,,,,,,
MET-0534,Integration cost,Measure the cost of integrations,Currency,HigherIsBetter,Benefit KPI,HR,TBD,TBD,Monthly,TBD,Yes,TBD,Imported from HRBCM 2024-07-22,,,,,,,,,,,,
MET-0535,Integration time,Measure the time taken to complete integrations,Days,HigherIsBetter,Benefit KPI,HR,TBD,TBD,Monthly,TBD,Yes,TBD,Imported from HRBCM 2024-07-22,,,,,,,,,,,,
MET-0536,System compatibility score,Measure the compatibility of systems,Percent,HigherIsBetter,Benefit KPI,HR,TBD,TBD,Monthly,TBD,Yes,TBD,Imported from HRBCM 2024-07-22,,,,,,,,,,,,
MET-0537,Success metrics,Assessment of integration success,Score,HigherIsBetter,Benefit KVI,HR,TBD,TBD,Monthly,TBD,Yes,TBD,Imported from HRBCM 2024-07-22,,,,,,,,,,,,
MET-0538,Accuracy metrics,Assessment of data flow accuracy,Score,HigherIsBetter,Benefit KVI,HR,TBD,TBD,Monthly,TBD,Yes,TBD,Imported from HRBCM 2024-07-22,,,,,,,,,,,,
MET-0539,Cost metrics,Assessment of integration costs,Score,HigherIsBetter,Benefit KVI,HR,TBD,TBD,Monthly,TBD,Yes,TBD,Imported from HRBCM 2024-07-22,,,,,,,,,,,,
MET-0540,Time metrics,Assessment of integration timelines,Score,HigherIsBetter,Benefit KVI,HR,TBD,TBD,Monthly,TBD,Yes,TBD,Imported from HRBCM 2024-07-22,,,,,,,,,,,,
MET-0541,Compatibility metrics,Assessment of system compatibility,Score,HigherIsBetter,Benefit KVI,HR,TBD,TBD,Monthly,TBD,Yes,TBD,Imported from HRBCM 2024-07-22,,,,,,,,,,,,
MET-0542,Change management success,Measure the success rate of change initiatives,Percent,HigherIsBetter,Benefit KPI,HR,TBD,TBD,Monthly,TBD,Yes,TBD,Imported from HRBCM 2024-07-22,,,,,,,,,,,,
MET-0543,Employee readiness score,Measure employee readiness for change,Percent,HigherIsBetter,Benefit KPI,HR,TBD,TBD,Monthly,TBD,Yes,TBD,Imported from HRBCM 2024-07-22,,,,,,,,,,,,
MET-0544,Resistance rate,Measure the rate of resistance to change,Percent,HigherIsBetter,Benefit KPI,HR,TBD,TBD,Monthly,TBD,Yes,TBD,Imported from HRBCM 2024-07-22,,,,,,,,,,,,
MET-0545,Communication effectiveness,Measure the effectiveness of change communication,Percent,HigherIsBetter,Benefit KPI,HR,TBD,TBD,Monthly,TBD,Yes,TBD,Imported from HRBCM 2024-07-22,,,,,,,,,,,,
MET-0546,Adoption rate of changes,Measure the adoption rate of new processes or systems,Percent,HigherIsBetter,Benefit KPI,HR,TBD,TBD,Monthly,TBD,Yes,TBD,Imported from HRBCM 2024-07-22,,,,,,,,,,,,
MET-0547,Success metrics,Assessment of change initiative success,Score,HigherIsBetter,Benefit KVI,HR,TBD,TBD,Monthly,TBD,Yes,TBD,Imported from HRBCM 2024-07-22,,,,,,,,,,,,
MET-0548,Readiness metrics,Assessment of employee readiness,Score,HigherIsBetter,Benefit KVI,HR,TBD,TBD,Monthly,TBD,Yes,TBD,Imported from HRBCM 2024-07-22,,,,,,,,,,,,
MET-0549,Resistance metrics,Assessment of resistance to change,Score,HigherIsBetter,Benefit KVI,HR,TBD,TBD,Monthly,TBD,Yes,TBD,Imported from HRBCM 2024-07-22,,,,,,,,,,,,
MET-0550,Communication metrics,Assessment of communication effectiveness,Score,HigherIsBetter,Benefit KVI,HR,TBD,TBD,Monthly,TBD,Yes,TBD,Imported from HRBCM 2024-07-22,,,,,,,,,,,,
MET-0551,Adoption metrics,Assessment of change adoption,Score,HigherIsBetter,Benefit KVI,HR,TBD,TBD,Monthly,TBD,Yes,TBD,Imported from HRBCM 2024-07-22,,,,,,,,,,,,
MET-0552,Project delivery on time,Measure the percentage of projects delivered on time,Percent,HigherIsBetter,Benefit KPI,HR,TBD,TBD,Monthly,TBD,Yes,TBD,Imported from HRBCM 2024-07-22,,,,,,,,,,,,
MET-0553,Project delivery on budget,Measure the percentage of projects delivered on budget,Percent,HigherIsBetter,Benefit KPI,HR,TBD,TBD,Monthly,TBD,Yes,TBD,Imported from HRBCM 2024-07-22,,,,,,,,,,,,
MET-0554,Scope creep rate,Measure the rate of scope creep in projects,Percent,HigherIsBetter,Benefit KPI,HR,TBD,TBD,Monthly,TBD,Yes,TBD,Imported from HRBCM 2024-07-22,,,,,,,,,,,,
MET-0555,Stakeholder satisfaction,Measure stakeholder satisfaction with project outcomes,Percent,HigherIsBetter,Benefit KPI,HR,TBD,TBD,Monthly,TBD,Yes,TBD,Imported from HRBCM 2024-07-22,,,,,,,,,,,,
MET-0556,Project ROI,Measure the return on investment for projects,Percent,HigherIsBetter,Benefit KPI,HR,TBD,TBD,Monthly,TBD,Yes,TBD,Imported from HRBCM 2024-07-22,,,,,,,,,,,,
MET-0557,Timeliness metrics,Assessment of project delivery timeliness,Score,HigherIsBetter,Benefit KVI,HR,TBD,TBD,Monthly,TBD,Yes,TBD,Imported from HRBCM 2024-07-22,,,,,,,,,,,,
MET-0558,Budget metrics,Assessment of project budget adherence,Score,HigherIsBetter,Benefit KVI,HR,TBD,TBD,Monthly,TBD,Yes,TBD,Imported from HRBCM 2024-07-22,,,,,,,,,,,,
MET-0559,Scope metrics,Assessment of scope management,Score,HigherIsBetter,Benefit KVI,HR,TBD,TBD,Monthly,TBD,Yes,TBD,Imported from HRBCM 2024-07-22,,,,,,,,,,,,
MET-0560,Satisfaction metrics,Assessment of stakeholder satisfaction,Score,HigherIsBetter,Benefit KVI,HR,TBD,TBD,Monthly,TBD,Yes,TBD,Imported from HRBCM 2024-07-22,,,,,,,,,,,,
MET-0561,ROI metrics,Assessment of project ROI,Score,HigherIsBetter,Benefit KVI,HR,TBD,TBD,Monthly,TBD,Yes,TBD,Imported from HRBCM 2024-07-22,,,,,,,,,,,,
MET-0562,Risk identification rate,Measure the rate of identified risks,Number,HigherIsBetter,Benefit KPI,HR,TBD,TBD,Monthly,TBD,Yes,TBD,Imported from HRBCM 2024-07-22,,,,,,,,,,,,
MET-0563,Risk mitigation effectiveness,Measure the effectiveness of risk mitigation strategies,Percent,HigherIsBetter,Benefit KPI,HR,TBD,TBD,Monthly,TBD,Yes,TBD,Imported from HRBCM 2024-07-22,,,,,,,,,,,,
MET-0564,Incident rate due to risks,Measure the rate of incidents caused by unidentified risks,Number,HigherIsBetter,Benefit KPI,HR,TBD,TBD,Monthly,TBD,Yes,TBD,Imported from HRBCM 2024-07-22,,,,,,,,,,,,
MET-0565,Risk review frequency,Measure the frequency of risk reviews,Number,HigherIsBetter,Benefit KPI,HR,TBD,TBD,Monthly,TBD,Yes,TBD,Imported from HRBCM 2024-07-22,,,,,,,,,,,,
MET-0566,Compliance with risk policies,Measure compliance with risk management policies,Percent,HigherIsBetter,Benefit KPI,HR,TBD,TBD,Monthly,TBD,Yes,TBD,Imported from HRBCM 2024-07-22,,,,,,,,,,,,
MET-0567,Identification metrics,Assessment of risk identification,Score,HigherIsBetter,Benefit KVI,HR,TBD,TBD,Monthly,TBD,Yes,TBD,Imported from HRBCM 2024-07-22,,,,,,,,,,,,
MET-0568,Mitigation metrics,Assessment of risk mitigation,Score,HigherIsBetter,Benefit KVI,HR,TBD,TBD,Monthly,TBD,Yes,TBD,Imported from HRBCM 2024-07-22,,,,,,,,,,,,
MET-0569,Incident metrics,Assessment of incidents due to risks,Score,HigherIsBetter,Benefit KVI,HR,TBD,TBD,Monthly,TBD,Yes,TBD,Imported from HRBCM 2024-07-22,,,,,,,,,,,,
MET-0570,Review metrics,Assessment of risk review frequency,Score,HigherIsBetter,Benefit KVI,HR,TBD,TBD,Monthly,TBD,Yes,TBD,Imported from HRBCM 2024-07-22,,,,,,,,,,,,
MET-0571,Compliance metrics,Assessment of risk policy compliance,Score,HigherIsBetter,Benefit KVI,HR,TBD,TBD,Monthly,TBD,Yes,TBD,Imported from HRBCM 2024-07-22,,,,,,,,,,,,
MET-0572,Vendor performance score,Measure vendor performance against SLAs,Percent,HigherIsBetter,Benefit KPI,HR,TBD,TBD,Monthly,TBD,Yes,TBD,Imported from HRBCM 2024-07-22,,,,,,,,,,,,
MET-0573,Contract compliance rate,Measure compliance with contract terms,Percent,HigherIsBetter,Benefit KPI,HR,TBD,TBD,Monthly,TBD,Yes,TBD,Imported from HRBCM 2024-07-22,,,,,,,,,,,,
MET-0574,Cost savings from vendors,Measure cost savings achieved through vendor management,Currency,HigherIsBetter,Benefit KPI,HR,TBD,TBD,Monthly,TBD,Yes,TBD,Imported from HRBCM 2024-07-22,,,,,,,,,,,,
MET-0575,Vendor risk incidents,Measure the number of risk incidents involving vendors,Number,HigherIsBetter,Benefit KPI,HR,TBD,TBD,Monthly,TBD,Yes,TBD,Imported from HRBCM 2024-07-22,,,,,,,,,,,,
MET-0576,Relationship satisfaction score,Measure satisfaction with vendor relationships,Percent,HigherIsBetter,Benefit KPI,HR,TBD,TBD,Monthly,TBD,Yes,TBD,Imported from HRBCM 2024-07-22,,,,,,,,,,,,
MET-0577,Performance metrics,Assessment of vendor performance,Score,HigherIsBetter,Benefit KVI,HR,TBD,TBD,Monthly,TBD,Yes,TBD,Imported from HRBCM 2024-07-22,,,,,,,,,,,,
MET-0578,Compliance metrics,Assessment of contract compliance,Score,HigherIsBetter,Benefit KVI,HR,TBD,TBD,Monthly,TBD,Yes,TBD,Imported from HRBCM 2024-07-22,,,,,,,,,,,,
MET-0579,Savings metrics,Assessment of cost savings from vendors,Score,HigherIsBetter,Benefit KVI,HR,TBD,TBD,Monthly,TBD,Yes,TBD,Imported from HRBCM 2024-07-22,,,,,,,,,,,,
MET-0580,Risk metrics,Assessment of vendor risks,Score,HigherIsBetter,Benefit KVI,HR,TBD,TBD,Monthly,TBD,Yes,TBD,Imported from HRBCM 2024-07-22,,,,,,,,,,,,
MET-0581,Satisfaction metrics,Assessment of vendor relationship satisfaction,Score,HigherIsBetter,Benefit KVI,HR,TBD,TBD,Monthly,TBD,Yes,TBD,Imported from HRBCM 2024-07-22,,,,,,,,,,,,
MET-0582,Budget variance,Measure the variance between planned and actual budget,Percent,HigherIsBetter,Benefit KPI,HR,TBD,TBD,Monthly,TBD,Yes,TBD,Imported from HRBCM 2024-07-22,,,,,,,,,,,,
MET-0583,Cost per employee,Measure the average HR cost per employee,Currency,HigherIsBetter,Benefit KPI,HR,TBD,TBD,Monthly,TBD,Yes,TBD,Imported from HRBCM 2024-07-22,,,,,,,,,,,,
MET-0584,Financial reporting accuracy,Measure the accuracy of financial reports,Percent,HigherIsBetter,Benefit KPI,HR,TBD,TBD,Monthly,TBD,Yes,TBD,Imported from HRBCM 2024-07-22,,,,,,,,,,,,
MET-0585,Audit compliance rate,Measure compliance with financial audits,Percent,HigherIsBetter,Benefit KPI,HR,TBD,TBD,Monthly,TBD,Yes,TBD,Imported from HRBCM 2024-07-22,,,,,,,,,,,,
MET-0586,ROI on HR spend,Measure the return on investment for HR spending,Percent,HigherIsBetter,Benefit KPI,HR,TBD,TBD,Monthly,TBD,Yes,TBD,Imported from HRBCM 2024-07-22,,,,,,,,,,,,
MET-0587,Variance metrics,Assessment of budget variance,Score,HigherIsBetter,Benefit KVI,HR,TBD,TBD,Monthly,TBD,Yes,TBD,Imported from HRBCM 2024-07-22,,,,,,,,,,,,
MET-0588,Cost metrics,Assessment of HR costs,Score,HigherIsBetter,Benefit KVI,HR,TBD,TBD,Monthly,TBD,Yes,TBD,Imported from HRBCM 2024-07-22,,,,,,,,,,,,
MET-0589,Accuracy metrics,Assessment of financial reporting accuracy,Score,HigherIsBetter,Benefit KVI,HR,TBD,TBD,Monthly,TBD,Yes,TBD,Imported from HRBCM 2024-07-22,,,,,,,,,,,,
MET-0590,Compliance metrics,Assessment of audit compliance,Score,HigherIsBetter,Benefit KVI,HR,TBD,TBD,Monthly,TBD,Yes,TBD,Imported from HRBCM 2024-07-22,,,,,,,,,,,,
MET-0591,ROI metrics,Assessment of HR spend ROI,Score,HigherIsBetter,Benefit KVI,HR,TBD,TBD,Monthly,TBD,Yes,TBD,Imported from HRBCM 2024-07-22,,,,,,,,,,,,
MET-0592,Knowledge base usage,Measure the usage rate of the knowledge base,Percent,HigherIsBetter,Benefit KPI,HR,TBD,TBD,Monthly,TBD,Yes,TBD,Imported from HRBCM 2024-07-22,,,,,,,,,,,,
MET-0593,Content accuracy rate,Measure the accuracy of knowledge base content,Percent,HigherIsBetter,Benefit KPI,HR,TBD,TBD,Monthly,TBD,Yes,TBD,Imported from HRBCM 2024-07-22,,,,,,,,,,,,
MET-0594,Update frequency,Measure the frequency of knowledge base updates,Number,HigherIsBetter,Benefit KPI,HR,TBD,TBD,Monthly,TBD,Yes,TBD,Imported from HRBCM 2024-07-22,,,,,,,,,,,,
MET-0595,User satisfaction with knowledge,Measure user satisfaction with knowledge resources,Percent,HigherIsBetter,Benefit KPI,HR,TBD,TBD,Monthly,TBD,Yes,TBD,Imported from HRBCM 2024-07-22,,,,,,,,,,,,
MET-0596,Knowledge sharing rate,Measure the rate of knowledge sharing among employees,Percent,HigherIsBetter,Benefit KPI,HR,TBD,TBD,Monthly,TBD,Yes,TBD,Imported from HRBCM 2024-07-22,,,,,,,,,,,,
MET-0597,Usage metrics,Assessment of knowledge base usage,Score,HigherIsBetter,Benefit KVI,HR,TBD,TBD,Monthly,TBD,Yes,TBD,Imported from HRBCM 2024-07-22,,,,,,,,,,,,
MET-0598,Accuracy metrics,Assessment of content accuracy,Score,HigherIsBetter,Benefit KVI,HR,TBD,TBD,Monthly,TBD,Yes,TBD,Imported from HRBCM 2024-07-22,,,,,,,,,,,,
MET-0599,Update metrics,Assessment of content update frequency,Score,HigherIsBetter,Benefit KVI,HR,TBD,TBD,Monthly,TBD,Yes,TBD,Imported from HRBCM 2024-07-22,,,,,,,,,,,,
MET-0600,Satisfaction metrics,Assessment of user satisfaction with knowledge,Score,HigherIsBetter,Benefit KVI,HR,TBD,TBD,Monthly,TBD,Yes,TBD,Imported from HRBCM 2024-07-22,,,,,,,,,,,,
MET-0601,Sharing metrics,Assessment of knowledge sharing,Score,HigherIsBetter,Benefit KVI,HR,TBD,TBD,Monthly,TBD,Yes,TBD,Imported from HRBCM 2024-07-22,,,,,,,,,,,,
MET-0602,Communication reach,Measure the reach of internal communications,Percent,HigherIsBetter,Benefit KPI,HR,TBD,TBD,Monthly,TBD,Yes,TBD,Imported from HRBCM 2024-07-22,,,,,,,,,,,,
MET-0603,Engagement with communications,Measure employee engagement with communications,Percent,HigherIsBetter,Benefit KPI,HR,TBD,TBD,Monthly,TBD,Yes,TBD,Imported from HRBCM 2024-07-22,,,,,,,,,,,,
MET-0604,Clarity of communication,Measure the clarity of internal messages,Percent,HigherIsBetter,Benefit KPI,HR,TBD,TBD,Monthly,TBD,Yes,TBD,Imported from HRBCM 2024-07-22,,,,,,,,,,,,
MET-0605,Feedback response rate,Measure the response rate to communication feedback,Percent,HigherIsBetter,Benefit KPI,HR,TBD,TBD,Monthly,TBD,Yes,TBD,Imported from HRBCM 2024-07-22,,,,,,,,,,,,
MET-0606,Communication timeliness,Measure the timeliness of communications,Days,HigherIsBetter,Benefit KPI,HR,TBD,TBD,Monthly,TBD,Yes,TBD,Imported from HRBCM 2024-07-22,,,,,,,,,,,,
MET-0607,Reach metrics,Assessment of communication reach,Score,HigherIsBetter,Benefit KVI,HR,TBD,TBD,Monthly,TBD,Yes,TBD,Imported from HRBCM 2024-07-22,,,,,,,,,,,,
MET-0608,Engagement metrics,Assessment of communication engagement,Score,HigherIsBetter,Benefit KVI,HR,TBD,TBD,Monthly,TBD,Yes,TBD,Imported from HRBCM 2024-07-22,,,,,,,,,,,,
MET-0609,Clarity metrics,Assessment of communication clarity,Score,HigherIsBetter,Benefit KVI,HR,TBD,TBD,Monthly,TBD,Yes,TBD,Imported from HRBCM 2024-07-22,,,,,,,,,,,,
MET-0610,Feedback metrics,Assessment of feedback response,Score,HigherIsBetter,Benefit KVI,HR,TBD,TBD,Monthly,TBD,Yes,TBD,Imported from HRBCM 2024-07-22,,,,,,,,,,,,
MET-0611,Timeliness metrics,Assessment of communication timeliness,Score,HigherIsBetter,Benefit KVI,HR,TBD,TBD,Monthly,TBD,Yes,TBD,Imported from HRBCM 2024-07-22,,,,,,,,,,,,
MET-0612,Facility utilization rate,Measure the utilization rate of HR facilities,Percent,HigherIsBetter,Benefit KPI,HR,TBD,TBD,Monthly,TBD,Yes,TBD,Imported from HRBCM 2024-07-22,,,,,,,,,,,,
MET-0613,Maintenance response time,Measure the time taken to respond to maintenance requests,Days,HigherIsBetter,Benefit KPI,HR,TBD,TBD,Monthly,TBD,Yes,TBD,Imported from HRBCM 2024-07-22,,,,,,,,,,,,
MET-0614,Safety compliance rate,Measure compliance with safety standards in facilities,Percent,HigherIsBetter,Benefit KPI,HR,TBD,TBD,Monthly,TBD,Yes,TBD,Imported from HRBCM 2024-07-22,,,,,,,,,,,,
MET-0615,Employee satisfaction with facilities,Measure employee satisfaction with workplace facilities,Percent,HigherIsBetter,Benefit KPI,HR,TBD,TBD,Monthly,TBD,Yes,TBD,Imported from HRBCM 2024-07-22,,,,,,,,,,,,
MET-0616,Space efficiency,Measure the efficiency of space usage,Percent,HigherIsBetter,Benefit KPI,HR,TBD,TBD,Monthly,TBD,Yes,TBD,Imported from HRBCM 2024-07-22,,,,,,,,,,,,
MET-0617,Utilization metrics,Assessment of facility utilization,Score,HigherIsBetter,Benefit KVI,HR,TBD,TBD,Monthly,TBD,Yes,TBD,Imported from HRBCM 2024-07-22,,,,,,,,,,,,
MET-0618,Response metrics,Assessment of maintenance response time,Score,HigherIsBetter,Benefit KVI,HR,TBD,TBD,Monthly,TBD,Yes,TBD,Imported from HRBCM 2024-07-22,,,,,,,,,,,,
MET-0619,Compliance metrics,Assessment of safety compliance in facilities,Score,HigherIsBetter,Benefit KVI,HR,TBD,TBD,Monthly,TBD,Yes,TBD,Imported from HRBCM 2024-07-22,,,,,,,,,,,,
MET-0620,Satisfaction metrics,Assessment of facility satisfaction,Score,HigherIsBetter,Benefit KVI,HR,TBD,TBD,Monthly,TBD,Yes,TBD,Imported from HRBCM 2024-07-22,,,,,,,,,,,,
MET-0621,Efficiency metrics,Assessment of space efficiency,Score,HigherIsBetter,Benefit KVI,HR,TBD,TBD,Monthly,TBD,Yes,TBD,Imported from HRBCM 2024-07-22,,,,,,,,,,,,
MET-0622,Sustainability score,Measure the organization's sustainability performance,Index,HigherIsBetter,Benefit KPI,HR,TBD,TBD,Monthly,TBD,Yes,TBD,Imported from HRBCM 2024-07-22,,,,,,,,,,,,
MET-0623,Carbon footprint reduction,Measure the reduction in carbon footprint,Percent,HigherIsBetter,Benefit KPI,HR,TBD,TBD,Monthly,TBD,Yes,TBD,Imported from HRBCM 2024-07-22,,,,,,,,,,,,
MET-0624,Waste reduction rate,Measure the rate of waste reduction,Percent,HigherIsBetter,Benefit KPI,HR,TBD,TBD,Monthly,TBD,Yes,TBD,Imported from HRBCM 2024-07-22,,,,,,,,,,,,
MET-0625,Employee participation in green initiatives,Measure employee participation in sustainability initiatives,Percent,HigherIsBetter,Benefit KPI,HR,TBD,TBD,Monthly,TBD,Yes,TBD,Imported from HRBCM 2024-07-22,,,,,,,,,,,,
MET-0626,Compliance with environmental laws,Measure compliance with environmental regulations,Percent,HigherIsBetter,Benefit KPI,HR,TBD,TBD,Monthly,TBD,Yes,TBD,Imported from HRBCM 2024-07-22,,,,,,,,,,,,
MET-0627,Sustainability metrics,Assessment of sustainability performance,Score,HigherIsBetter,Benefit KVI,HR,TBD,TBD,Monthly,TBD,Yes,TBD,Imported from HRBCM 2024-07-22,,,,,,,,,,,,
MET-0628,Reduction metrics,Assessment of carbon footprint reduction,Score,HigherIsBetter,Benefit KVI,HR,TBD,TBD,Monthly,TBD,Yes,TBD,Imported from HRBCM 2024-07-22,,,,,,,,,,,,
MET-0629,Waste metrics,Assessment of waste reduction,Score,HigherIsBetter,Benefit KVI,HR,TBD,TBD,Monthly,TBD,Yes,TBD,Imported from HRBCM 2024-07-22,,,,,,,,,,,,
MET-0630,Participation metrics,Assessment of green initiative participation,Score,HigherIsBetter,Benefit KVI,HR,TBD,TBD,Monthly,TBD,Yes,TBD,Imported from HRBCM 2024-07-22,,,,,,,,,,,,
MET-0631,Compliance metrics,Assessment of environmental compliance,Score,HigherIsBetter,Benefit KVI,HR,TBD,TBD,Monthly,TBD,Yes,TBD,Imported from HRBCM 2024-07-22,,,,,,,,,,,,
MET-0632,Legal compliance rate,Measure compliance with all relevant laws,Percent,HigherIsBetter,Benefit KPI,HR,TBD,TBD,Monthly,TBD,Yes,TBD,Imported from HRBCM 2024-07-22,,,,,,,,,,,,
MET-0633,Litigation cost,Measure the cost of legal litigation,Currency,HigherIsBetter,Benefit KPI,HR,TBD,TBD,Monthly,TBD,Yes,TBD,Imported from HRBCM 2024-07-22,,,,,,,,,,,,
MET-0634,Legal incident rate,Measure the number of legal incidents,Number,HigherIsBetter,Benefit KPI,HR,TBD,TBD,Monthly,TBD,Yes,TBD,Imported from HRBCM 2024-07-22,,,,,,,,,,,,
MET-0635,Policy adherence rate,Measure the rate of adherence to legal policies,Percent,HigherIsBetter,Benefit KPI,HR,TBD,TBD,Monthly,TBD,Yes,TBD,Imported from HRBCM 2024-07-22,,,,,,,,,,,,
MET-0636,Training completion on legal topics,Measure completion of legal training,Percent,HigherIsBetter,Benefit KPI,HR,TBD,TBD,Monthly,TBD,Yes,TBD,Imported from HRBCM 2024-07-22,,,,,,,,,,,,
MET-0637,Compliance metrics,Assessment of legal compliance,Score,HigherIsBetter,Benefit KVI,HR,TBD,TBD,Monthly,TBD,Yes,TBD,Imported from HRBCM 2024-07-22,,,,,,,,,,,,
MET-0638,Cost metrics,Assessment of litigation costs,Score,HigherIsBetter,Benefit KVI,HR,TBD,TBD,Monthly,TBD,Yes,TBD,Imported from HRBCM 2024-07-22,,,,,,,,,,,,
MET-0639,Incident metrics,Assessment of legal incidents,Score,HigherIsBetter,Benefit KVI,HR,TBD,TBD,Monthly,TBD,Yes,TBD,Imported from HRBCM 2024-07-22,,,,,,,,,,,,
MET-0640,Adherence metrics,Assessment of policy adherence,Score,HigherIsBetter,Benefit KVI,HR,TBD,TBD,Monthly,TBD,Yes,TBD,Imported from HRBCM 2024-07-22,,,,,,,,,,,,
MET-0641,Training metrics,Assessment of legal training completion,Score,HigherIsBetter,Benefit KVI,HR,TBD,TBD,Monthly,TBD,Yes,TBD,Imported from HRBCM 2024-07-22,,,,,,,,,,,,
MET-0642,Innovation implementation rate,Measure the rate of implementing innovative ideas,Percent,HigherIsBetter,Benefit KPI,HR,TBD,TBD,Monthly,TBD,Yes,TBD,Imported from HRBCM 2024-07-22,,,,,,,,,,,,
MET-0643,Idea generation rate,Measure the rate of new ideas generated,Number,HigherIsBetter,Benefit KPI,HR,TBD,TBD,Monthly,TBD,Yes,TBD,Imported from HRBCM 2024-07-22,,,,,,,,,,,,
MET-0644,Innovation impact score,Measure the impact of innovations on performance,Index,HigherIsBetter,Benefit KPI,HR,TBD,TBD,Monthly,TBD,Yes,TBD,Imported from HRBCM 2024-07-22,,,,,,,,,,,,
MET-0645,Employee participation in innovation,Measure employee participation in innovation programs,Percent,HigherIsBetter,Benefit KPI,HR,TBD,TBD,Monthly,TBD,Yes,TBD,Imported from HRBCM 2024-07-22,,,,,,,,,,,,
MET-0646,Time to market for innovations,Measure the time to market for new innovations,Days,HigherIsBetter,Benefit KPI,HR,TBD,TBD,Monthly,TBD,Yes,TBD,Imported from HRBCM 2024-07-22,,,,,,,,,,,,
MET-0647,Implementation metrics,Assessment of innovation implementation,Score,HigherIsBetter,Benefit KVI,HR,TBD,TBD,Monthly,TBD,Yes,TBD,Imported from HRBCM 2024-07-22,,,,,,,,,,,,
MET-0648,Generation metrics,Assessment of idea generation,Score,HigherIsBetter,Benefit KVI,HR,TBD,TBD,Monthly,TBD,Yes,TBD,Imported from HRBCM 2024-07-22,,,,,,,,,,,,
MET-0649,Impact metrics,Assessment of innovation impact,Score,HigherIsBetter,Benefit KVI,HR,TBD,TBD,Monthly,TBD,Yes,TBD,Imported from HRBCM 2024-07-22,,,,,,,,,,,,
MET-0650,Participation metrics,Assessment of innovation participation,Score,HigherIsBetter,Benefit KVI,HR,TBD,TBD,Monthly,TBD,Yes,TBD,Imported from HRBCM 2024-07-22,,,,,,,,,,,,
MET-0651,Timeliness metrics,Assessment of innovation time to market,Score,HigherIsBetter,Benefit KVI,HR,TBD,TBD,Monthly,TBD,Yes,TBD,Imported from HRBCM 2024-07-22,,,,,,,,,,,,
MET-0652,Customer satisfaction score,Measure customer satisfaction with HR services,Percent,HigherIsBetter,Benefit KPI,HR,TBD,TBD,Monthly,TBD,Yes,TBD,Imported from HRBCM 2024-07-22,,,,,,,,,,,,
MET-0653,Service delivery time,Measure the time taken to deliver HR services,Days,HigherIsBetter,Benefit KPI,HR,TBD,TBD,Monthly,TBD,Yes,TBD,Imported from HRBCM 2024-07-22,,,,,,,,,,,,
MET-0654,Service quality score,Measure the quality of HR services through feedback,Percent,HigherIsBetter,Benefit KPI,HR,TBD,TBD,Monthly,TBD,Yes,TBD,Imported from HRBCM 2024-07-22,,,,,,,,,,,,
MET-0655,Complaint resolution rate,Measure the rate of resolving customer complaints,Percent,HigherIsBetter,Benefit KPI,HR,TBD,TBD,Monthly,TBD,Yes,TBD,Imported from HRBCM 2024-07-22,,,,,,,,,,,,
MET-0656,Net promoter score,Measure the net promoter score for HR services,Index,HigherIsBetter,Benefit KPI,HR,TBD,TBD,Monthly,TBD,Yes,TBD,Imported from HRBCM 2024-07-22,,,,,,,,,,,,
MET-0657,Satisfaction metrics,Assessment of customer satisfaction,Score,HigherIsBetter,Benefit KVI,HR,TBD,TBD,Monthly,TBD,Yes,TBD,Imported from HRBCM 2024-07-22,,,,,,,,,,,,
MET-0658,Timeliness metrics,Assessment of service delivery time,Score,HigherIsBetter,Benefit KVI,HR,TBD,TBD,Monthly,TBD,Yes,TBD,Imported from HRBCM 2024-07-22,,,,,,,,,,,,
MET-0659,Quality metrics,Assessment of service quality,Score,HigherIsBetter,Benefit KVI,HR,TBD,TBD,Monthly,TBD,Yes,TBD,Imported from HRBCM 2024-07-22,,,,,,,,,,,,
MET-0660,Resolution metrics,Assessment of complaint resolution,Score,HigherIsBetter,Benefit KVI,HR,TBD,TBD,Monthly,TBD,Yes,TBD,Imported from HRBCM 2024-07-22,,,,,,,,,,,,
MET-0661,Loyalty metrics,Assessment of customer loyalty (NPS),Score,HigherIsBetter,Benefit KVI,HR,TBD,TBD,Monthly,TBD,Yes,TBD,Imported from HRBCM 2024-07-22,,,,,,,,,,,,
MET-0662,Community engagement score,Measure the level of engagement with the external community,Percent,HigherIsBetter,Benefit KPI,HR,TBD,TBD,Monthly,TBD,Yes,TBD,Imported from HRBCM 2024-07-22,,,,,,,,,,,,
MET-0663,Partnership success rate,Measure the success rate of external partnerships,Percent,HigherIsBetter,Benefit KPI,HR,TBD,TBD,Monthly,TBD,Yes,TBD,Imported from HRBCM 2024-07-22,,,,,,,,,,,,
MET-0664,Brand reputation score,Measure the organization's brand reputation in the community,Index,HigherIsBetter,Benefit KPI,HR,TBD,TBD,Monthly,TBD,Yes,TBD,Imported from HRBCM 2024-07-22,,,,,,,,,,,,
MET-0665,Social responsibility impact,Measure the impact of social responsibility initiatives,Index,HigherIsBetter,Benefit KPI,HR,TBD,TBD,Monthly,TBD,Yes,TBD,Imported from HRBCM 2024-07-22,,,,,,,,,,,,
MET-0666,Volunteer participation rate,Measure employee participation in volunteer activities,Percent,HigherIsBetter,Benefit KPI,HR,TBD,TBD,Monthly,TBD,Yes,TBD,Imported from HRBCM 2024-07-22,,,,,,,,,,,,
MET-0667,Engagement metrics,Assessment of community engagement,Score,HigherIsBetter,Benefit KVI,HR,TBD,TBD,Monthly,TBD,Yes,TBD,Imported from HRBCM 2024-07-22,,,,,,,,,,,,
MET-0668,Partnership metrics,Assessment of partnership success,Score,HigherIsBetter,Benefit KVI,HR,TBD,TBD,Monthly,TBD,Yes,TBD,Imported from HRBCM 2024-07-22,,,,,,,,,,,,
MET-0669,Reputation metrics,Assessment of brand reputation,Score,HigherIsBetter,Benefit KVI,HR,TBD,TBD,Monthly,TBD,Yes,TBD,Imported from HRBCM 2024-07-22,,,,,,,,,,,,
MET-0670,Impact metrics,Assessment of social responsibility impact,Score,HigherIsBetter,Benefit KVI,HR,TBD,TBD,Monthly,TBD,Yes,TBD,Imported from HRBCM 2024-07-22,,,,,,,,,,,,
MET-0671,Participation metrics,Assessment of volunteer participation,Score,HigherIsBetter,Benefit KVI,HR,TBD,TBD,Monthly,TBD,Yes,TBD,Imported from HRBCM 2024-07-22,,,,,,,,,,,,
MET-0672,Audit finding rate,Measure the rate of adverse audit findings,Number,HigherIsBetter,Benefit KPI,HR,TBD,TBD,Monthly,TBD,Yes,TBD,Imported from HRBCM 2024-07-22,,,,,,,,,,,,
MET-0673,Correction time,Measure the time taken to correct audit findings,Days,HigherIsBetter,Benefit KPI,HR,TBD,TBD,Monthly,TBD,Yes,TBD,Imported from HRBCM 2024-07-22,,,,,,,,,,,,
MET-0674,Compliance improvement rate,Measure the rate of improvement in compliance post-audit,Percent,HigherIsBetter,Benefit KPI,HR,TBD,TBD,Monthly,TBD,Yes,TBD,Imported from HRBCM 2024-07-22,,,,,,,,,,,,
MET-0675,Risk reduction from audits,Measure the reduction in risk due to audit findings,Percent,HigherIsBetter,Benefit KPI,HR,TBD,TBD,Monthly,TBD,Yes,TBD,Imported from HRBCM 2024-07-22,,,,,,,,,,,,
MET-0676,Audit cost,Measure the cost of conducting audits,Currency,HigherIsBetter,Benefit KPI,HR,TBD,TBD,Monthly,TBD,Yes,TBD,Imported from HRBCM 2024-07-22,,,,,,,,,,,,
MET-0677,Finding metrics,Assessment of audit finding rate,Score,HigherIsBetter,Benefit KVI,HR,TBD,TBD,Monthly,TBD,Yes,TBD,Imported from HRBCM 2024-07-22,,,,,,,,,,,,
MET-0678,Correction metrics,Assessment of correction time,Score,HigherIsBetter,Benefit KVI,HR,TBD,TBD,Monthly,TBD,Yes,TBD,Imported from HRBCM 2024-07-22,,,,,,,,,,,,
MET-0679,Improvement metrics,Assessment of compliance improvement,Score,HigherIsBetter,Benefit KVI,HR,TBD,TBD,Monthly,TBD,Yes,TBD,Imported from HRBCM 2024-07-22,,,,,,,,,,,,
MET-0680,Risk metrics,Assessment of risk reduction,Score,HigherIsBetter,Benefit KVI,HR,TBD,TBD,Monthly,TBD,Yes,TBD,Imported from HRBCM 2024-07-22,,,,,,,,,,,,
MET-0681,Cost metrics,Assessment of audit costs,Score,HigherIsBetter,Benefit KVI,HR,TBD,TBD,Monthly,TBD,Yes,TBD,Imported from HRBCM 2024-07-22,,,,,,,,,,,,
MET-0682,Leadership effectiveness score,Measure the effectiveness of leadership through 360 feedback,Percent,HigherIsBetter,Benefit KPI,HR,TBD,TBD,Monthly,TBD,Yes,TBD,Imported from HRBCM 2024-07-22,,,,,,,,,,,,
MET-0683,Succession readiness,Measure the readiness of successors for key roles,Percent,HigherIsBetter,Benefit KPI,HR,TBD,TBD,Monthly,TBD,Yes,TBD,Imported from HRBCM 2024-07-22,,,,,,,,,,,,
MET-0684,Leader retention rate,Measure the retention rate of key leaders,Percent,HigherIsBetter,Benefit KPI,HR,TBD,TBD,Monthly,TBD,Yes,TBD,Imported from HRBCM 2024-07-22,,,,,,,,,,,,
MET-0685,Leadership development participation,Measure participation in leadership development programs,Percent,HigherIsBetter,Benefit KPI,HR,TBD,TBD,Monthly,TBD,Yes,TBD,Imported from HRBCM 2024-07-22,,,,,,,,,,,,
MET-0686,Promotion rate to leadership,Measure the rate of internal promotions to leadership roles,Percent,HigherIsBetter,Benefit KPI,HR,TBD,TBD,Monthly,TBD,Yes,TBD,Imported from HRBCM 2024-07-22,,,,,,,,,,,,
MET-0687,Effectiveness metrics,Assessment of leadership effectiveness,Score,HigherIsBetter,Benefit KVI,HR,TBD,TBD,Monthly,TBD,Yes,TBD,Imported from HRBCM 2024-07-22,,,,,,,,,,,,
MET-0688,Readiness metrics,Assessment of successor readiness,Score,HigherIsBetter,Benefit KVI,HR,TBD,TBD,Monthly,TBD,Yes,TBD,Imported from HRBCM 2024-07-22,,,,,,,,,,,,
MET-0689,Retention metrics,Assessment of leader retention,Score,HigherIsBetter,Benefit KVI,HR,TBD,TBD,Monthly,TBD,Yes,TBD,Imported from HRBCM 2024-07-22,,,,,,,,,,,,
MET-0690,Participation metrics,Assessment of development program participation,Score,HigherIsBetter,Benefit KVI,HR,TBD,TBD,Monthly,TBD,Yes,TBD,Imported from HRBCM 2024-07-22,,,,,,,,,,,,
MET-0691,Promotion metrics,Assessment of internal promotion to leadership,Score,HigherIsBetter,Benefit KVI,HR,TBD,TBD,Monthly,TBD,Yes,TBD,Imported from HRBCM 2024-07-22,,,,,,,,,,,,
MET-0692,Feedback implementation rate,Measure the rate of implementing employee feedback,Percent,HigherIsBetter,Benefit KPI,HR,TBD,TBD,Monthly,TBD,Yes,TBD,Imported from HRBCM 2024-07-22,,,,,,,,,,,,
MET-0693,Survey participation rate,Measure participation rates in employee surveys,Percent,HigherIsBetter,Benefit KPI,HR,TBD,TBD,Monthly,TBD,Yes,TBD,Imported from HRBCM 2024-07-22,,,,,,,,,,,,
MET-0694,Feedback satisfaction score,Measure employee satisfaction with the feedback process,Percent,HigherIsBetter,Benefit KPI,HR,TBD,TBD,Monthly,TBD,Yes,TBD,Imported from HRBCM 2024-07-22,,,,,,,,,,,,
MET-0695,Improvement from feedback,Measure improvements made based on feedback,Index,HigherIsBetter,Benefit KPI,HR,TBD,TBD,Monthly,TBD,Yes,TBD,Imported from HRBCM 2024-07-22,,,,,,,,,,,,
MET-0696,Feedback cycle time,Measure the time taken to process and act on feedback,Days,HigherIsBetter,Benefit KPI,HR,TBD,TBD,Monthly,TBD,Yes,TBD,Imported from HRBCM 2024-07-22,,,,,,,,,,,,
MET-0697,Implementation metrics,Assessment of feedback implementation,Score,HigherIsBetter,Benefit KVI,HR,TBD,TBD,Monthly,TBD,Yes,TBD,Imported from HRBCM 2024-07-22,,,,,,,,,,,,
MET-0698,Participation metrics,Assessment of survey participation,Score,HigherIsBetter,Benefit KVI,HR,TBD,TBD,Monthly,TBD,Yes,TBD,Imported from HRBCM 2024-07-22,,,,,,,,,,,,
MET-0699,Satisfaction metrics,Assessment of feedback satisfaction,Score,HigherIsBetter,Benefit KVI,HR,TBD,TBD,Monthly,TBD,Yes,TBD,Imported from HRBCM 2024-07-22,,,,,,,,,,,,
MET-0700,Improvement metrics,Assessment of improvement from feedback,Score,HigherIsBetter,Benefit KVI,HR,TBD,TBD,Monthly,TBD,Yes,TBD,Imported from HRBCM 2024-07-22,,,,,,,,,,,,
MET-0701,Timeliness metrics,Assessment of feedback cycle time,Score,HigherIsBetter,Benefit KVI,HR,TBD,TBD,Monthly,TBD,Yes,TBD,Imported from HRBCM 2024-07-22,,,,,,,,,,,,
MET-0702,Cultural alignment score,Measure alignment of employees with organizational culture,Percent,HigherIsBetter,Benefit KPI,HR,TBD,TBD,Monthly,TBD,Yes,TBD,Imported from HRBCM 2024-07-22,,,,,,,,,,,,
MET-0703,Cultural initiative participation,Measure participation in cultural initiatives,Percent,HigherIsBetter,Benefit KPI,HR,TBD,TBD,Monthly,TBD,Yes,TBD,Imported from HRBCM 2024-07-22,,,,,,,,,,,,
MET-0704,Employee advocacy score,Measure employee advocacy for the organization,Index,HigherIsBetter,Benefit KPI,HR,TBD,TBD,Monthly,TBD,Yes,TBD,Imported from HRBCM 2024-07-22,,,,,,,,,,,,
MET-0705,Culture improvement rate,Measure the rate of improvement in workplace culture,Percent,HigherIsBetter,Benefit KPI,HR,TBD,TBD,Monthly,TBD,Yes,TBD,Imported from HRBCM 2024-07-22,,,,,,,,,,,,
MET-0706,Turnover due to culture,Measure turnover attributed to cultural issues,Percent,HigherIsBetter,Benefit KPI,HR,TBD,TBD,Monthly,TBD,Yes,TBD,Imported from HRBCM 2024-07-22,,,,,,,,,,,,
MET-0707,Alignment metrics,Assessment of cultural alignment,Score,HigherIsBetter,Benefit KVI,HR,TBD,TBD,Monthly,TBD,Yes,TBD,Imported from HRBCM 2024-07-22,,,,,,,,,,,,
MET-0708,Participation metrics,Assessment of cultural initiative participation,Score,HigherIsBetter,Benefit KVI,HR,TBD,TBD,Monthly,TBD,Yes,TBD,Imported from HRBCM 2024-07-22,,,,,,,,,,,,
MET-0709,Advocacy metrics,Assessment of employee advocacy,Score,HigherIsBetter,Benefit KVI,HR,TBD,TBD,Monthly,TBD,Yes,TBD,Imported from HRBCM 2024-07-22,,,,,,,,,,,,
MET-0710,Improvement metrics,Assessment of culture improvement,Score,HigherIsBetter,Benefit KVI,HR,TBD,TBD,Monthly,TBD,Yes,TBD,Imported from HRBCM 2024-07-22,,,,,,,,,,,,
MET-0711,Turnover metrics,Assessment of culture-related turnover,Score,HigherIsBetter,Benefit KVI,HR,TBD,TBD,Monthly,TBD,Yes,TBD,Imported from HRBCM 2024-07-22,,,,,,,,,,,,
MET-0712,Policy relevance score,Measure the relevance of policies to current operations,Percent,HigherIsBetter,Benefit KPI,HR,TBD,TBD,Monthly,TBD,Yes,TBD,Imported from HRBCM 2024-07-22,,,,,,,,,,,,
MET-0713,Policy accessibility score,Measure the accessibility of policies to employees,Percent,HigherIsBetter,Benefit KPI,HR,TBD,TBD,Monthly,TBD,Yes,TBD,Imported from HRBCM 2024-07-22,,,,,,,,,,,,
MET-0714,Policy update timeliness,Measure the timeliness of policy updates,Days,HigherIsBetter,Benefit KPI,HR,TBD,TBD,Monthly,TBD,Yes,TBD,Imported from HRBCM 2024-07-22,,,,,,,,,,,,
MET-0715,Compliance breach rate,Measure the rate of compliance breaches,Number,HigherIsBetter,Benefit KPI,HR,TBD,TBD,Monthly,TBD,Yes,TBD,Imported from HRBCM 2024-07-22,,,,,,,,,,,,
MET-0716,Policy training completion,Measure completion of policy-related training,Percent,HigherIsBetter,Benefit KPI,HR,TBD,TBD,Monthly,TBD,Yes,TBD,Imported from HRBCM 2024-07-22,,,,,,,,,,,,
MET-0717,Relevance metrics,Assessment of policy relevance,Score,HigherIsBetter,Benefit KVI,HR,TBD,TBD,Monthly,TBD,Yes,TBD,Imported from HRBCM 2024-07-22,,,,,,,,,,,,
MET-0718,Accessibility metrics,Assessment of policy accessibility,Score,HigherIsBetter,Benefit KVI,HR,TBD,TBD,Monthly,TBD,Yes,TBD,Imported from HRBCM 2024-07-22,,,,,,,,,,,,
MET-0719,Timeliness metrics,Assessment of policy update timeliness,Score,HigherIsBetter,Benefit KVI,HR,TBD,TBD,Monthly,TBD,Yes,TBD,Imported from HRBCM 2024-07-22,,,,,,,,,,,,
MET-0720,Breach metrics,Assessment of compliance breaches,Score,HigherIsBetter,Benefit KVI,HR,TBD,TBD,Monthly,TBD,Yes,TBD,Imported from HRBCM 2024-07-22,,,,,,,,,,,,
MET-0721,Training metrics,Assessment of policy training completion,Score,HigherIsBetter,Benefit KVI,HR,TBD,TBD,Monthly,TBD,Yes,TBD,Imported from HRBCM 2024-07-22,,,,,,,,,,,,
MET-0722,Standardization rate,Measure the rate of process standardization,Percent,HigherIsBetter,Benefit KPI,HR,TBD,TBD,Monthly,TBD,Yes,TBD,Imported from HRBCM 2024-07-22,,,,,,,,,,,,
MET-0723,Process cycle time,Measure the time taken to complete HR processes,Days,HigherIsBetter,Benefit KPI,HR,TBD,TBD,Monthly,TBD,Yes,TBD,Imported from HRBCM 2024-07-22,,,,,,,,,,,,
MET-0724,Process error rate,Measure the error rate in HR processes,Percent,HigherIsBetter,Benefit KPI,HR,TBD,TBD,Monthly,TBD,Yes,TBD,Imported from HRBCM 2024-07-22,,,,,,,,,,,,
MET-0725,Process cost,Measure the cost of executing HR processes,Currency,HigherIsBetter,Benefit KPI,HR,TBD,TBD,Monthly,TBD,Yes,TBD,Imported from HRBCM 2024-07-22,,,,,,,,,,,,
MET-0726,Automation rate,Measure the rate of process automation,Percent,HigherIsBetter,Benefit KPI,HR,TBD,TBD,Monthly,TBD,Yes,TBD,Imported from HRBCM 2024-07-22,,,,,,,,,,,,
MET-0727,Standardization metrics,Assessment of process standardization,Score,HigherIsBetter,Benefit KVI,HR,TBD,TBD,Monthly,TBD,Yes,TBD,Imported from HRBCM 2024-07-22,,,,,,,,,,,,
MET-0728,Time metrics,Assessment of process cycle time,Score,HigherIsBetter,Benefit KVI,HR,TBD,TBD,Monthly,TBD,Yes,TBD,Imported from HRBCM 2024-07-22,,,,,,,,,,,,
MET-0729,Error metrics,Assessment of process errors,Score,HigherIsBetter,Benefit KVI,HR,TBD,TBD,Monthly,TBD,Yes,TBD,Imported from HRBCM 2024-07-22,,,,,,,,,,,,
MET-0730,Cost metrics,Assessment of process costs,Score,HigherIsBetter,Benefit KVI,HR,TBD,TBD,Monthly,TBD,Yes,TBD,Imported from HRBCM 2024-07-22,,,,,,,,,,,,
MET-0731,Automation metrics,Assessment of process automation,Score,HigherIsBetter,Benefit KVI,HR,TBD,TBD,Monthly,TBD,Yes,TBD,Imported from HRBCM 2024-07-22,,,,,,,,,,,,
MET-0732,Talent pipeline strength,Measure the strength of the talent pipeline for key roles,Index,HigherIsBetter,Benefit KPI,HR,TBD,TBD,Monthly,TBD,Yes,TBD,Imported from HRBCM 2024-07-22,,,,,,,,,,,,
MET-0733,Internal mobility rate,Measure the rate of internal mobility,Percent,HigherIsBetter,Benefit KPI,HR,TBD,TBD,Monthly,TBD,Yes,TBD,Imported from HRBCM 2024-07-22,,,,,,,,,,,,
MET-0734,Succession coverage rate,Measure the coverage of succession plans,Percent,HigherIsBetter,Benefit KPI,HR,TBD,TBD,Monthly,TBD,Yes,TBD,Imported from HRBCM 2024-07-22,,,,,,,,,,,,
MET-0735,High potential retention,Measure the retention rate of high potential employees,Percent,HigherIsBetter,Benefit KPI,HR,TBD,TBD,Monthly,TBD,Yes,TBD,Imported from HRBCM 2024-07-22,,,,,,,,,,,,
MET-0736,Talent acquisition cost,Measure the cost of acquiring new talent,Currency,HigherIsBetter,Benefit KPI,HR,TBD,TBD,Monthly,TBD,Yes,TBD,Imported from HRBCM 2024-07-22,,,,,,,,,,,,
MET-0737,Pipeline metrics,Assessment of talent pipeline strength,Score,HigherIsBetter,Benefit KVI,HR,TBD,TBD,Monthly,TBD,Yes,TBD,Imported from HRBCM 2024-07-22,,,,,,,,,,,,
MET-0738,Mobility metrics,Assessment of internal mobility,Score,HigherIsBetter,Benefit KVI,HR,TBD,TBD,Monthly,TBD,Yes,TBD,Imported from HRBCM 2024-07-22,,,,,,,,,,,,
MET-0739,Coverage metrics,Assessment of succession coverage,Score,HigherIsBetter,Benefit KVI,HR,TBD,TBD,Monthly,TBD,Yes,TBD,Imported from HRBCM 2024-07-22,,,,,,,,,,,,
MET-0740,Retention metrics,Assessment of high potential retention,Score,HigherIsBetter,Benefit KVI,HR,TBD,TBD,Monthly,TBD,Yes,TBD,Imported from HRBCM 2024-07-22,,,,,,,,,,,,
MET-0741,Cost metrics,Assessment of talent acquisition costs,Score,HigherIsBetter,Benefit KVI,HR,TBD,TBD,Monthly,TBD,Yes,TBD,Imported from HRBCM 2024-07-22,,,,,,,,,,,,
MET-0742,Employee satisfaction with culture,Measure employee satisfaction with organizational culture,Percent,HigherIsBetter,Benefit KPI,HR,TBD,TBD,Monthly,TBD,Yes,TBD,Imported from HRBCM 2024-07-22,,,,,,,,,,,,
MET-0743,Culture alignment score,Measure alignment of employees with cultural values,Percent,HigherIsBetter,Benefit KPI,HR,TBD,TBD,Monthly,TBD,Yes,TBD,Imported from HRBCM 2024-07-22,,,,,,,,,,,,
MET-0744,Cultural initiative success,Measure the success of cultural initiatives,Percent,HigherIsBetter,Benefit KPI,HR,TBD,TBD,Monthly,TBD,Yes,TBD,Imported from HRBCM 2024-07-22,,,,,,,,,,,,
MET-0745,Employee advocacy rate,Measure the rate of employees advocating for the company,Percent,HigherIsBetter,Benefit KPI,HR,TBD,TBD,Monthly,TBD,Yes,TBD,Imported from HRBCM 2024-07-22,,,,,,,,,,,,
MET-0746,Turnover due to mismatch,Measure turnover due to cultural mismatch,Percent,HigherIsBetter,Benefit KPI,HR,TBD,TBD,Monthly,TBD,Yes,TBD,Imported from HRBCM 2024-07-22,,,,,,,,,,,,
MET-0747,Satisfaction metrics,Assessment of culture satisfaction,Score,HigherIsBetter,Benefit KVI,HR,TBD,TBD,Monthly,TBD,Yes,TBD,Imported from HRBCM 2024-07-22,,,,,,,,,,,,
MET-0748,Alignment metrics,Assessment of cultural alignment,Score,HigherIsBetter,Benefit KVI,HR,TBD,TBD,Monthly,TBD,Yes,TBD,Imported from HRBCM 2024-07-22,,,,,,,,,,,,
MET-0749,Success metrics,Assessment of cultural initiative success,Score,HigherIsBetter,Benefit KVI,HR,TBD,TBD,Monthly,TBD,Yes,TBD,Imported from HRBCM 2024-07-22,,,,,,,,,,,,
MET-0750,Advocacy metrics,Assessment of employee advocacy,Score,HigherIsBetter,Benefit KVI,HR,TBD,TBD,Monthly,TBD,Yes,TBD,Imported from HRBCM 2024-07-22,,,,,,,,,,,,
MET-0751,Turnover metrics,Assessment of mismatch turnover,Score,HigherIsBetter,Benefit KVI,HR,TBD,TBD,Monthly,TBD,Yes,TBD,Imported from HRBCM 2024-07-22,,,,,,,,,,,,
MET-0752,Training effectiveness score,Measure the effectiveness of training programs through assessments,Percent,HigherIsBetter,Benefit KPI,HR,TBD,TBD,Monthly,TBD,Yes,TBD,Imported from HRBCM 2024-07-22,,,,,,,,,,,,
MET-0753,Skill retention rate,Measure the retention of skills post-training,Percent,HigherIsBetter,Benefit KPI,HR,TBD,TBD,Monthly,TBD,Yes,TBD,Imported from HRBCM 2024-07-22,,,,,,,,,,,,
MET-0754,Training participation rate,Measure participation rates in optional training,Percent,HigherIsBetter,Benefit KPI,HR,TBD,TBD,Monthly,TBD,Yes,TBD,Imported from HRBCM 2024-07-22,,,,,,,,,,,,
MET-0755,Training impact on performance,Measure the impact of training on job performance,Index,HigherIsBetter,Benefit KPI,HR,TBD,TBD,Monthly,TBD,Yes,TBD,Imported from HRBCM 2024-07-22,,,,,,,,,,,,
MET-0756,Cost per training hour,Measure the cost per hour of training delivered,Currency,HigherIsBetter,Benefit KPI,HR,TBD,TBD,Monthly,TBD,Yes,TBD,Imported from HRBCM 2024-07-22,,,,,,,,,,,,
MET-0757,Effectiveness metrics,Assessment of training effectiveness,Score,HigherIsBetter,Benefit KVI,HR,TBD,TBD,Monthly,TBD,Yes,TBD,Imported from HRBCM 2024-07-22,,,,,,,,,,,,
MET-0758,Retention metrics,Assessment of skill retention,Score,HigherIsBetter,Benefit KVI,HR,TBD,TBD,Monthly,TBD,Yes,TBD,Imported from HRBCM 2024-07-22,,,,,,,,,,,,
MET-0759,Participation metrics,Assessment of training participation,Score,HigherIsBetter,Benefit KVI,HR,TBD,TBD,Monthly,TBD,Yes,TBD,Imported from HRBCM 2024-07-22,,,,,,,,,,,,
MET-0760,Impact metrics,Assessment of training impact,Score,HigherIsBetter,Benefit KVI,HR,TBD,TBD,Monthly,TBD,Yes,TBD,Imported from HRBCM 2024-07-22,,,,,,,,,,,,
MET-0761,Cost metrics,Assessment of training costs,Score,HigherIsBetter,Benefit KVI,HR,TBD,TBD,Monthly,TBD,Yes,TBD,Imported from HRBCM 2024-07-22,,,,,,,,,,,,
MET-0762,Compliance rate with labor laws,Measure compliance with labor laws and regulations,Percent,HigherIsBetter,Benefit KPI,HR,TBD,TBD,Monthly,TBD,Yes,TBD,Imported from HRBCM 2024-07-22,,,,,,,,,,,,
MET-0763,Grievance resolution time,Measure the time taken to resolve labor grievances,Days,HigherIsBetter,Benefit KPI,HR,TBD,TBD,Monthly,TBD,Yes,TBD,Imported from HRBCM 2024-07-22,,,,,,,,,,,,
MET-0764,Labor dispute rate,Measure the rate of labor disputes,Number,HigherIsBetter,Benefit KPI,HR,TBD,TBD,Monthly,TBD,Yes,TBD,Imported from HRBCM 2024-07-22,,,,,,,,,,,,
MET-0765,Union satisfaction score,Measure union satisfaction with management relations,Percent,HigherIsBetter,Benefit KPI,HR,TBD,TBD,Monthly,TBD,Yes,TBD,Imported from HRBCM 2024-07-22,,,,,,,,,,,,
MET-0766,Compliance audit findings,Measure the number of adverse findings in labor audits,Number,HigherIsBetter,Benefit KPI,HR,TBD,TBD,Monthly,TBD,Yes,TBD,Imported from HRBCM 2024-07-22,,,,,,,,,,,,
MET-0767,Compliance metrics,Assessment of labor law compliance,Score,HigherIsBetter,Benefit KVI,HR,TBD,TBD,Monthly,TBD,Yes,TBD,Imported from HRBCM 2024-07-22,,,,,,,,,,,,
MET-0768,Resolution metrics,Assessment of grievance resolution time,Score,HigherIsBetter,Benefit KVI,HR,TBD,TBD,Monthly,TBD,Yes,TBD,Imported from HRBCM 2024-07-22,,,,,,,,,,,,
MET-0769,Dispute metrics,Assessment of labor disputes,Score,HigherIsBetter,Benefit KVI,HR,TBD,TBD,Monthly,TBD,Yes,TBD,Imported from HRBCM 2024-07-22,,,,,,,,,,,,
MET-0770,Satisfaction metrics,Assessment of union satisfaction,Score,HigherIsBetter,Benefit KVI,HR,TBD,TBD,Monthly,TBD,Yes,TBD,Imported from HRBCM 2024-07-22,,,,,,,,,,,,
MET-0771,Audit metrics,Assessment of labor audit findings,Score,HigherIsBetter,Benefit KVI,HR,TBD,TBD,Monthly,TBD,Yes,TBD,Imported from HRBCM 2024-07-22,,,,,,,,,,,,
MET-0772,Data integrity score,Measure the integrity of HR data,Percent,HigherIsBetter,Benefit KPI,HR,TBD,TBD,Monthly,TBD,Yes,TBD,Imported from HRBCM 2024-07-22,,,,,,,,,,,,
MET-0773,Data error rate,Measure the rate of errors in HR data,Percent,HigherIsBetter,Benefit KPI,HR,TBD,TBD,Monthly,TBD,Yes,TBD,Imported from HRBCM 2024-07-22,,,,,,,,,,,,
MET-0774,Data update timeliness,Measure the timeliness of data updates,Days,HigherIsBetter,Benefit KPI,HR,TBD,TBD,Monthly,TBD,Yes,TBD,Imported from HRBCM 2024-07-22,,,,,,,,,,,,
MET-0775,Data access compliance,Measure compliance with data access policies,Percent,HigherIsBetter,Benefit KPI,HR,TBD,TBD,Monthly,TBD,Yes,TBD,Imported from HRBCM 2024-07-22,,,,,,,,,,,,
MET-0776,Data security breach rate,Measure the rate of data security breaches,Number,HigherIsBetter,Benefit KPI,HR,TBD,TBD,Monthly,TBD,Yes,TBD,Imported from HRBCM 2024-07-22,,,,,,,,,,,,
MET-0777,Integrity metrics,Assessment of data integrity,Score,HigherIsBetter,Benefit KVI,HR,TBD,TBD,Monthly,TBD,Yes,TBD,Imported from HRBCM 2024-07-22,,,,,,,,,,,,
MET-0778,Error metrics,Assessment of data errors,Score,HigherIsBetter,Benefit KVI,HR,TBD,TBD,Monthly,TBD,Yes,TBD,Imported from HRBCM 2024-07-22,,,,,,,,,,,,
MET-0779,Timeliness metrics,Assessment of data updates,Score,HigherIsBetter,Benefit KVI,HR,TBD,TBD,Monthly,TBD,Yes,TBD,Imported from HRBCM 2024-07-22,,,,,,,,,,,,
MET-0780,Compliance metrics,Assessment of data access compliance,Score,HigherIsBetter,Benefit KVI,HR,TBD,TBD,Monthly,TBD,Yes,TBD,Imported from HRBCM 2024-07-22,,,,,,,,,,,,
MET-0781,Security metrics,Assessment of data breaches,Score,HigherIsBetter,Benefit KVI,HR,TBD,TBD,Monthly,TBD,Yes,TBD,Imported from HRBCM 2024-07-22,,,,,,,,,,,,
MET-0782,System integration success,Measure the success of integrating new HR systems,Percent,HigherIsBetter,Benefit KPI,HR,TBD,TBD,Monthly,TBD,Yes,TBD,Imported from HRBCM 2024-07-22,,,,,,,,,,,,
MET-0783,System downtime,Measure the downtime of HR systems,Percent,HigherIsBetter,Benefit KPI,HR,TBD,TBD,Monthly,TBD,Yes,TBD,Imported from HRBCM 2024-07-22,,,,,,,,,,,,
MET-0784,User support response time,Measure response time for system support requests,Days,HigherIsBetter,Benefit KPI,HR,TBD,TBD,Monthly,TBD,Yes,TBD,Imported from HRBCM 2024-07-22,,,,,,,,,,,,
MET-0785,System usability score,Measure user satisfaction with system usability,Percent,HigherIsBetter,Benefit KPI,HR,TBD,TBD,Monthly,TBD,Yes,TBD,Imported from HRBCM 2024-07-22,,,,,,,,,,,,
MET-0786,System maintenance cost,Measure the cost of ongoing system maintenance,Currency,HigherIsBetter,Benefit KPI,HR,TBD,TBD,Monthly,TBD,Yes,TBD,Imported from HRBCM 2024-07-22,,,,,,,,,,,,
MET-0787,Integration metrics,Assessment of system integration,Score,HigherIsBetter,Benefit KVI,HR,TBD,TBD,Monthly,TBD,Yes,TBD,Imported from HRBCM 2024-07-22,,,,,,,,,,,,
MET-0788,Downtime metrics,Assessment of system downtime,Score,HigherIsBetter,Benefit KVI,HR,TBD,TBD,Monthly,TBD,Yes,TBD,Imported from HRBCM 2024-07-22,,,,,,,,,,,,
MET-0789,Support metrics,Assessment of user support,Score,HigherIsBetter,Benefit KVI,HR,TBD,TBD,Monthly,TBD,Yes,TBD,Imported from HRBCM 2024-07-22,,,,,,,,,,,,
MET-0790,Usability metrics,Assessment of system usability,Score,HigherIsBetter,Benefit KVI,HR,TBD,TBD,Monthly,TBD,Yes,TBD,Imported from HRBCM 2024-07-22,,,,,,,,,,,,
MET-0791,Cost metrics,Assessment of maintenance costs,Score,HigherIsBetter,Benefit KVI,HR,TBD,TBD,Monthly,TBD,Yes,TBD,Imported from HRBCM 2024-07-22,,,,,,,,,,,,
MET-0792,Alignment between HRM programs and strategic objectives,Aligning HRM programs with strategy ensures HR initiatives support broader goals.,Percent,HigherIsBetter,Benefit KPI,HR (Dept/OCHRO),See CalcFormula,(Count(Alignment between HRM programs and strategic objectives) / Total objectives) * 100,Quarterly,,Yes,,Risk: Misalignment between HR initiatives and strategic objectives,,,,,,,,,,,,
MET-0793,HR process consistency and efficiency,Standardized HR practices lead to streamlined operations and predictable outcomes.,Percent,HigherIsBetter,Benefit KPI,HR (Dept/OCHRO),See CalcFormula,(Count(HR process consistency and efficiency) / Total efficiency) * 100,Quarterly,,Yes,,Risk: Resistance to standardized practices,,,,,,,,,,,,
MET-0794,HRM program adaptability,Continuous improvement ensures HR practices evolve with organizational needs.,Percent,HigherIsBetter,Benefit KPI,HR (Dept/OCHRO),See CalcFormula,(Count(HRM program adaptability) / Total adaptability) * 100,Quarterly,,Yes,,Risk: Challenges in adapting to changing needs,,,,,,,,,,,,
MET-0795,Compliance rate with relevant laws,Compliance with regulations avoids legal issues and potential fines.,Percent,HigherIsBetter,Benefit KPI,HR (Dept/OCHRO),See CalcFormula,(Count(Compliance rate with relevant laws) / Total laws) * 100,Annual,,Yes,,Risk: Rapid changes in regulations,,,,,,,,,,,,
MET-0796,Employee trust scores,Trust in HR policies fosters a positive work environment and enhances employee morale.,Percent,HigherIsBetter,Benefit KPI,HR (Dept/OCHRO),See CalcFormula,(Count(Employee trust scores) / Total scores) * 100,Annual,,Yes,,Risk: Misinterpretation of policy changes,,,,,,,,,,,,
MET-0797,Percentage improvement in HR policy consistency,Consistent HR policies lead to fair treatment and reduce confusion among employees.,Percent,HigherIsBetter,Benefit KPI,HR (Dept/OCHRO),See CalcFormula,(Count(Percentage improvement in HR policy consistency) / Total consistency) * 100,Annual,,Yes,,Risk: Resistance to new policies,,,,,,,,,,,,
MET-0798,Decision-making quality,Informed decisions based on clear policy interpretation lead to better outcomes and efficiency.,Percent,HigherIsBetter,Benefit KPI,HR (Dept/OCHRO),See CalcFormula,(Count(Decision-making quality) / Total quality) * 100,Annual,,Yes,,Risk: Resistance to policy changes,,,,,,,,,,,,
MET-0799,Operational risks,Consistent policy application mitigates risks and ensures smooth operations.,Index,LowerIsBetter,Benefit KPI,HR (Dept/OCHRO),See CalcFormula,Count(Operational risks),Annual,,Yes,,Risk: Potential for inconsistent interpretations,,,,,,,,,,,,
MET-0800,Rate of policy compliance,Proper policy interpretation leads to better adherence to guidelines and procedures.,Percent,HigherIsBetter,Benefit KPI,HR (Dept/OCHRO),See CalcFormula,(Count(Rate of policy compliance) / Total compliance) * 100,Annual,,Yes,,Risk: Misinterpretation of policy details,,,,,,,,,,,,
MET-0801,HR governance,Strong HR governance ensures that HR practices align with organizational goals and regulatory requirements.,Percent,HigherIsBetter,Benefit KPI,HR (Dept/OCHRO),See CalcFormula,(Count(HR governance) / Total governance) * 100,Annual,,Yes,,Risk: Potential for inconsistent advice,,,,,,,,,,,,
MET-0802,Rate of compliance,Compliance with policies and regulations avoids legal issues and enhances organizational reputation.,Percent,HigherIsBetter,Benefit KPI,HR (Dept/OCHRO),See CalcFormula,(Count(Rate of compliance) / Total compliance) * 100,Annual,,Yes,,Risk: Rapid changes in regulations,,,,,,,,,,,,
MET-0803,Stakeholder satisfaction,Informed decisions based on expert advice reduce errors and improve HR outcomes.,Percent,HigherIsBetter,Benefit KPI,HR (Dept/OCHRO),See CalcFormula,(Count(Stakeholder satisfaction) / Total satisfaction) * 100,Annual,,Yes,,Risk: Miscommunication of policy advice,,,,,,,,,,,,
MET-0804,Delegation errors,Accurate delegation leads to smoother HR operations and fewer mistakes.,Index,LowerIsBetter,Benefit KPI,HR (Dept/OCHRO),See CalcFormula,Count(Delegation errors),Quarterly,,Yes,,Risk: Inconsistent delegation practices,,,,,,,,,,,,
MET-0805,Operational efficiency,Efficient delegation allows for better use of resources and enhances productivity.,Percent,HigherIsBetter,Benefit KPI,HR (Dept/OCHRO),See CalcFormula,(Count(Operational efficiency) / Total efficiency) * 100,Quarterly,,Yes,,Risk: Resistance to new delegation methods,,,,,,,,,,,,
MET-0806,Accountability scores,Clear delegation lines ensure that responsibilities are understood and adhered to.,Percent,HigherIsBetter,Benefit KPI,HR (Dept/OCHRO),See CalcFormula,(Count(Accountability scores) / Total scores) * 100,Quarterly,,Yes,,Risk: Potential for unclear delegation,,,,,,,,,,,,
MET-0807,Compliance risks,Risk reduction through control identification ensures organizational stability and reputation.,Index,LowerIsBetter,Benefit KPI,HR (Dept/OCHRO),See CalcFormula,Count(Compliance risks),Quarterly,,Yes,,Risk: Potential for missed controls,,,,,,,,,,,,
MET-0808,Rate of compliance with controls,Proper control identification helps prevent legal issues and ensures adherence to regulations.,Percent,HigherIsBetter,Benefit KPI,HR (Dept/OCHRO),See CalcFormula,(Count(Rate of compliance with controls) / Total controls) * 100,Quarterly,,Yes,,Risk: Rapid changes in regulations,,,,,,,,,,,,
MET-0809,Decision-making effectiveness,Decision-making is strengthened when authority lines are clear and well-defined.,Percent,HigherIsBetter,Benefit KPI,HR (Dept/OCHRO),See CalcFormula,(Count(Decision-making effectiveness) / Total effectiveness) * 100,Quarterly,,Yes,,Risk: Potential for unclear authority lines,,,,,,,,,,,,
MET-0810,Alignment with organizational goals,Aligning HR programs with organizational goals ensures they contribute to overall success.,Percent,HigherIsBetter,Benefit KPI,HR (Dept/OCHRO),See CalcFormula,(Count(Alignment with organizational goals) / Total goals) * 100,Quarterly,,Yes,,Risk: Misalignment of program objectives,,,,,,,,,,,,
MET-0811,Program efficiency,Efficient HR program management maximizes resources and enhances effectiveness.,Percent,HigherIsBetter,Benefit KPI,HR (Dept/OCHRO),See CalcFormula,(Count(Program efficiency) / Total efficiency) * 100,Quarterly,,Yes,,Risk: Complexity in managing multiple programs,,,,,,,,,,,,
MET-0812,Program implementation,A clear program framework helps streamline implementation and improve results.,Percent,HigherIsBetter,Benefit KPI,HR (Dept/OCHRO),See CalcFormula,(Count(Program implementation) / Total implementation) * 100,Quarterly,,Yes,,Risk: Complexity in defining program elements,,,,,,,,,,,,
MET-0813,Stakeholder engagement scores,Stakeholders are more engaged when programs are clear and well-communicated.,Percent,HigherIsBetter,Benefit KPI,HR (Dept/OCHRO),See CalcFormula,(Count(Stakeholder engagement scores) / Total scores) * 100,Quarterly,,Yes,,Risk: Potential for stakeholder disengagement,,,,,,,,,,,,
MET-0814,Program effectiveness,Well-designed HR programs are more likely to achieve desired outcomes and drive organizational success.,Percent,HigherIsBetter,Benefit KPI,HR (Dept/OCHRO),See CalcFormula,(Count(Program effectiveness) / Total effectiveness) * 100,Quarterly,,Yes,,Risk: Ineffective program design,,,,,,,,,,,,
MET-0815,Program adaptability,Flexibility in program design allows for quick adjustments and better alignment with goals.,Percent,HigherIsBetter,Benefit KPI,HR (Dept/OCHRO),See CalcFormula,(Count(Program adaptability) / Total adaptability) * 100,Quarterly,,Yes,,Risk: Resistance to program changes,,,,,,,,,,,,
MET-0816,Objective clarity,Clear objectives help guide program development and ensure alignment with broader goals.,Percent,HigherIsBetter,Benefit KPI,HR (Dept/OCHRO),See CalcFormula,(Count(Objective clarity) / Total clarity) * 100,Quarterly,,Yes,,Risk: Misalignment of program objectives,,,,,,,,,,,,
MET-0817,Employee participation rates,"Programs that are well-designed are more appealing and beneficial to employees, increasing participation rates.",Percent,HigherIsBetter,Benefit KPI,HR (Dept/OCHRO),See CalcFormula,(Count(Employee participation rates) / Total rates) * 100,Quarterly,,Yes,,Risk: Lack of interest in HR programs,,,,,,,,,,,,
MET-0818,Compliance rates,Compliance with laws and policies reduces the risk of legal issues and enhances organizational stability.,Percent,HigherIsBetter,Benefit KPI,HR (Dept/OCHRO),See CalcFormula,(Count(Compliance rates) / Total rates) * 100,Quarterly,,Yes,,Risk: Rapid changes in regulations,,,,,,,,,,,,
MET-0819,Governance effectiveness,A strong governance framework ensures programs are compliant with regulations and accountable to stakeholders.,Percent,HigherIsBetter,Benefit KPI,HR (Dept/OCHRO),See CalcFormula,(Count(Governance effectiveness) / Total effectiveness) * 100,Quarterly,,Yes,,Risk: Lack of compliance with governance,,,,,,,,,,,,
MET-0820,Implementation efficiency,Effective implementation leads to successful program outcomes and adherence to standards.,Percent,HigherIsBetter,Benefit KPI,HR (Dept/OCHRO),See CalcFormula,(Count(Implementation efficiency) / Total efficiency) * 100,Quarterly,,Yes,,Risk: Inconsistent implementation practices,,,,,,,,,,,,
MET-0821,Stakeholder engagement rates,"Engaged stakeholders are more likely to support and participate in HR programs, leading to better outcomes.",Percent,HigherIsBetter,Benefit KPI,HR (Dept/OCHRO),See CalcFormula,(Count(Stakeholder engagement rates) / Total rates) * 100,Quarterly,,Yes,,Risk: Lack of stakeholder engagement,,,,,,,,,,,,
MET-0822,Delivery consistency,Consistent delivery of programs ensures they meet expected standards and provide reliable results.,Percent,HigherIsBetter,Benefit KPI,HR (Dept/OCHRO),See CalcFormula,(Count(Delivery consistency) / Total consistency) * 100,Quarterly,,Yes,,Risk: Inconsistent delivery practices,,,,,,,,,,,,
MET-0823,Program quality scores,High-quality delivery of programs enhances their impact and effectiveness.,Percent,HigherIsBetter,Benefit KPI,HR (Dept/OCHRO),See CalcFormula,(Count(Program quality scores) / Total scores) * 100,Quarterly,,Yes,,Risk: Potential for quality issues,,,,,,,,,,,,
MET-0824,Stakeholder satisfaction rates,Satisfied stakeholders are more likely to support and engage with HR programs.,Percent,HigherIsBetter,Benefit KPI,HR (Dept/OCHRO),See CalcFormula,(Count(Stakeholder satisfaction rates) / Total rates) * 100,Quarterly,,Yes,,Risk: Lack of stakeholder engagement,,,,,,,,,,,,
MET-0825,Guidance effectiveness,Clear guidance ensures that HR programs are aligned with requirements and compliant with policies.,Percent,HigherIsBetter,Benefit KPI,HR (Dept/OCHRO),See CalcFormula,(Count(Guidance effectiveness) / Total effectiveness) * 100,Quarterly,,Yes,,Risk: Potential for unclear guidance,,,,,,,,,,,,
MET-0826,Continuous improvement metrics,Continuous improvement ensures that HR programs evolve and remain effective in meeting organizational goals.,Percent,HigherIsBetter,Benefit KPI,HR (Dept/OCHRO),See CalcFormula,(Count(Continuous improvement metrics) / Total metrics) * 100,Quarterly,,Yes,,Risk: Resistance to change from employees,,,,,,,,,,,,
MET-0827,Employee engagement metrics,Understanding employee engagement helps tailor programs to better meet employee needs and expectations.,Percent,HigherIsBetter,Benefit KPI,HR (Dept/OCHRO),See CalcFormula,(Count(Employee engagement metrics) / Total metrics) * 100,Quarterly,,Yes,,Risk: Low response rates in surveys,,,,,,,,,,,,
MET-0828,Program effectiveness metrics,"Continuous assessment helps identify areas for improvement, ensuring programs meet their objectives.",Percent,HigherIsBetter,Benefit KPI,HR (Dept/OCHRO),See CalcFormula,(Count(Program effectiveness metrics) / Total metrics) * 100,Quarterly,,Yes,,Risk: Challenges in gathering accurate feedback,,,,,,,,,,,,
MET-0829,Compliance rate,Regular compliance monitoring reduces the risk of legal issues and enhances organizational credibility.,Percent,HigherIsBetter,Benefit KPI,HR (Dept/OCHRO),See CalcFormula,(Count(Compliance rate) / Total rate) * 100,Quarterly,,Yes,,Risk: Potential regulatory changes,,,,,,,,,,,,
MET-0830,Legal issues,Proactive compliance monitoring helps in early identification and resolution of potential legal issues.,Index,LowerIsBetter,Benefit KPI,HR (Dept/OCHRO),See CalcFormula,Count(Legal issues),Quarterly,,Yes,,Risk: Complexity of legal requirements,,,,,,,,,,,,
MET-0831,Stakeholder trust,Stakeholders are more likely to support and engage with an organization that prioritizes compliance and ethical standards.,Percent,HigherIsBetter,Benefit KPI,HR (Dept/OCHRO),See CalcFormula,(Count(Stakeholder trust) / Total trust) * 100,Quarterly,,Yes,,Risk: Potential for trust erosion,,,,,,,,,,,,
MET-0832,Accountability metrics,Accountability ensures that all parties involved in the HR program are responsible for their actions.,Percent,HigherIsBetter,Benefit KPI,HR (Dept/OCHRO),See CalcFormula,(Count(Accountability metrics) / Total metrics) * 100,Quarterly,,Yes,,Risk: Challenges in enforcing accountability,,,,,,,,,,,,
MET-0833,Decision-making metrics,Detailed reports help in making strategic decisions that align with organizational goals.,Percent,HigherIsBetter,Benefit KPI,HR (Dept/OCHRO),See CalcFormula,(Count(Decision-making metrics) / Total metrics) * 100,Quarterly,,Yes,,Risk: Delays in report generation,,,,,,,,,,,,
MET-0834,Transparency metrics,Transparency ensures stakeholders are informed and can trust the HR program's processes.,Percent,HigherIsBetter,Benefit KPI,HR (Dept/OCHRO),See CalcFormula,(Count(Transparency metrics) / Total metrics) * 100,Quarterly,,Yes,,Risk: Incomplete reporting data,,,,,,,,,,,,
MET-0835,Risk identification metrics,Early risk identification helps prevent potential issues from escalating.,Percent,HigherIsBetter,Benefit KPI,HR (Dept/OCHRO),See CalcFormula,(Count(Risk identification metrics) / Total metrics) * 100,Quarterly,,Yes,,Risk: Challenges in identifying emerging risks,,,,,,,,,,,,
MET-0836,HR-related risks,Proactive risk management minimizes disruptions and enhances operational stability.,Index,LowerIsBetter,Benefit KPI,HR (Dept/OCHRO),See CalcFormula,Count(HR-related risks),Quarterly,,Yes,,Risk: Challenges in accurately identifying risks,,,,,,,,,,,,
MET-0837,Resilience metrics,A resilient organization is better prepared to handle unexpected challenges and continue operations smoothly.,Percent,HigherIsBetter,Benefit KPI,HR (Dept/OCHRO),See CalcFormula,(Count(Resilience metrics) / Total metrics) * 100,Quarterly,,Yes,,Risk: Difficulty in measuring intangible aspects of resilience,,,,,,,,,,,,
MET-0838,Risk mitigation metrics,Effective risk mitigation ensures the organization can handle risks without significant disruption.,Percent,HigherIsBetter,Benefit KPI,HR (Dept/OCHRO),See CalcFormula,(Count(Risk mitigation metrics) / Total metrics) * 100,Quarterly,,Yes,,Risk: Resistance to risk mitigation strategies,,,,,,,,,,,,
MET-0839,Alignment with strategic goals,Strategic alignment is crucial for the success and sustainability of public sector organizations.,Percent,HigherIsBetter,Benefit KPI,HR (Dept/OCHRO),See CalcFormula,(Count(Alignment with strategic goals) / Total goals) * 100,Annual,,Yes,,Risk: Misalignment between HR initiatives and strategic objectives,,,,,,,,,,,,
MET-0840,Decision-making time,A clear decision-making framework enhances organizational efficiency and effectiveness.,Days,LowerIsBetter,Benefit KPI,HR (Dept/OCHRO),See CalcFormula,Count(Decision-making time),Annual,,Yes,,Risk: Delays in decision-making processes,,,,,,,,,,,,
MET-0841,Resource utilization,Efficient resource allocation maximizes productivity and minimizes waste.,Percent,HigherIsBetter,Benefit KPI,HR (Dept/OCHRO),See CalcFormula,(Count(Resource utilization) / Total utilization) * 100,Annual,,Yes,,Risk: Potential misallocation of resources,,,,,,,,,,,,
MET-0842,Employee satisfaction,Aligning workplace strategies with employee needs improves satisfaction and reduces turnover.,Percent,HigherIsBetter,Benefit KPI,HR (Dept/OCHRO),See CalcFormula,(Count(Employee satisfaction) / Total satisfaction) * 100,Quarterly,,Yes,,Risk: Misalignment between workplace strategies and employee needs,,,,,,,,,,,,
MET-0843,Workplace efficiency,Efficient workplace strategies lead to higher productivity and reduced operational costs.,Percent,HigherIsBetter,Benefit KPI,HR (Dept/OCHRO),See CalcFormula,(Count(Workplace efficiency) / Total efficiency) * 100,Quarterly,,Yes,,Risk: Resistance to new workplace strategies,,,,,,,,,,,,
MET-0844,Workplace incidents,Prioritizing safety in workplace strategies ensures a secure and healthy work environment.,Index,LowerIsBetter,Benefit KPI,HR (Dept/OCHRO),See CalcFormula,Count(Workplace incidents),Quarterly,,Yes,,Risk: Challenges in implementing new safety measures,,,,,,,,,,,,
MET-0845,Talent acquisition,Aligning workforce strategies with talent acquisition goals improves the quality of hires and retention rates.,Percent,HigherIsBetter,Benefit KPI,HR (Dept/OCHRO),See CalcFormula,(Count(Talent acquisition) / Total acquisition) * 100,Quarterly,,Yes,,Risk: Challenges in attracting and retaining top talent,,,,,,,,,,,,
MET-0846,Workforce planning accuracy,Effective workforce planning reduces staffing gaps and overlaps,Percent,HigherIsBetter,Benefit KPI,HR (Dept/OCHRO),See CalcFormula,(Count(Workforce planning accuracy) / Total accuracy) * 100,Quarterly,,Yes,,Risk:  ensuring optimal staffing levels.,,,,,,,,,,,,
MET-0847,Workforce utilization,Optimized workforce utilization ensures that the right people are in the right roles at the right time.,Percent,HigherIsBetter,Benefit KPI,HR (Dept/OCHRO),See CalcFormula,(Count(Workforce utilization) / Total utilization) * 100,Quarterly,,Yes,,Risk: Challenges in reallocating workforce resources effectively,,,,,,,,,,,,
MET-0848,Decision-making accuracy,Data-driven decisions improve accuracy and effectiveness of workforce strategies.,Percent,HigherIsBetter,Benefit KPI,HR (Dept/OCHRO),See CalcFormula,(Count(Decision-making accuracy) / Total accuracy) * 100,Annual,,Yes,,Risk: Challenges in data collection and analysis,,,,,,,,,,,,
MET-0849,Predictive analytics accuracy,Predictive analytics improve workforce planning and resource allocation.,Percent,HigherIsBetter,Benefit KPI,HR (Dept/OCHRO),See CalcFormula,(Count(Predictive analytics accuracy) / Total accuracy) * 100,Annual,,Yes,,Risk: Inaccurate predictions and data inputs,,,,,,,,,,,,
MET-0850,Workforce optimization,Data insights improve workforce utilization and operational efficiency.,Percent,HigherIsBetter,Benefit KPI,HR (Dept/OCHRO),See CalcFormula,(Count(Workforce optimization) / Total optimization) * 100,Annual,,Yes,,Risk: Challenges in implementing optimization strategies,,,,,,,,,,,,
MET-0851,Employee turnover,Effective workforce planning leads to better job satisfaction and retention.,Percent,LowerIsBetter,Benefit KPI,HR (Dept/OCHRO),See CalcFormula,(Count(Employee turnover) / Total turnover) * 100,Quarterly,,Yes,,Risk: High turnover rates due to lack of planning,,,,,,,,,,,,
MET-0852,Resource allocation issues,Accurate workforce planning leads to better resource utilization and cost efficiency.,Percent,LowerIsBetter,Benefit KPI,HR (Dept/OCHRO),See CalcFormula,(Count(Resource allocation issues) / Total issues) * 100,Quarterly,,Yes,,Risk: Inaccurate forecasting and resource data,,,,,,,,,,,,
MET-0853,Productivity rates,Proper resource assignment ensures that tasks are completed efficiently and on time.,Percent,HigherIsBetter,Benefit KPI,HR (Dept/OCHRO),See CalcFormula,(Count(Productivity rates) / Total rates) * 100,Quarterly,,Yes,,Risk: Resistance to new resource assignment processes,,,,,,,,,,,,
MET-0854,Resource allocation efficiency,Better resource allocation enhances job satisfaction and performance.,Percent,HigherIsBetter,Benefit KPI,HR (Dept/OCHRO),See CalcFormula,(Count(Resource allocation efficiency) / Total efficiency) * 100,Quarterly,,Yes,,Risk: Challenges in maintaining accurate workforce availability data,,,,,,,,,,,,
MET-0855,Staffing level issues,Optimized staffing levels lead to better workload management and operational efficiency.,Percent,LowerIsBetter,Benefit KPI,HR (Dept/OCHRO),See CalcFormula,(Count(Staffing level issues) / Total issues) * 100,Quarterly,,Yes,,Risk: Inaccurate workforce availability data,,,,,,,,,,,,
MET-0856,Job design efficiency,Proper job design enhances role clarity and operational efficiency.,Percent,HigherIsBetter,Benefit KPI,HR (Dept/OCHRO),See CalcFormula,(Count(Job design efficiency) / Total efficiency) * 100,Quarterly,,Yes,,Risk: Challenges in aligning job design with financial plans,,,,,,,,,,,,
MET-0857,Role clarity,Clear roles and responsibilities improve employee understanding and performance.,Percent,HigherIsBetter,Benefit KPI,HR (Dept/OCHRO),See CalcFormula,(Count(Role clarity) / Total clarity) * 100,Quarterly,,Yes,,Risk: Misalignment between job design and actual responsibilities,,,,,,,,,,,,
MET-0858,Workforce structure,A well-structured workforce ensures optimal performance and strategic alignment.,Percent,HigherIsBetter,Benefit KPI,HR (Dept/OCHRO),See CalcFormula,(Count(Workforce structure) / Total structure) * 100,Quarterly,,Yes,,Risk: Resistance to changes in workforce structure,,,,,,,,,,,,
MET-0859,Position vacancy duration,Filling positions quickly minimizes disruptions and maintains productivity.,Days,LowerIsBetter,Benefit KPI,HR (Dept/OCHRO),See CalcFormula,Count(Position vacancy duration),Quarterly,,Yes,,Risk: Delays in the recruitment process,,,,,,,,,,,,
MET-0860,Talent utilization rates,Effective talent utilization leads to better organizational performance.,Percent,HigherIsBetter,Benefit KPI,HR (Dept/OCHRO),See CalcFormula,(Count(Talent utilization rates) / Total rates) * 100,Quarterly,,Yes,,Risk: Misalignment between talent and job requirements,,,,,,,,,,,,
MET-0861,Leadership continuity,Leadership continuity is crucial for maintaining organizational stability and achieving long-term goals.,Percent,HigherIsBetter,Benefit KPI,HR (Dept/OCHRO),See CalcFormula,(Count(Leadership continuity) / Total continuity) * 100,Annual,,Yes,,Risk: Challenges in identifying and preparing successors,,,,,,,,,,,,
MET-0862,Leadership gap duration,Reducing leadership gaps is essential for maintaining productivity and avoiding disruptions.,Days,LowerIsBetter,Benefit KPI,HR (Dept/OCHRO),See CalcFormula,Count(Leadership gap duration),Annual,,Yes,,Risk: Delays in preparing successors for leadership roles,,,,,,,,,,,,
MET-0863,Talent development rates,Effective talent development ensures a pipeline of capable leaders and minimizes the risk of leadership gaps.,Percent,HigherIsBetter,Benefit KPI,HR (Dept/OCHRO),See CalcFormula,(Count(Talent development rates) / Total rates) * 100,Annual,,Yes,,Risk: Inadequate preparation of successors,,,,,,,,,,,,
MET-0864,Identified risks,Proactive risk management helps in mitigating potential threats and leveraging opportunities.,Percent,LowerIsBetter,Benefit KPI,HR (Dept/OCHRO),See CalcFormula,(Count(Identified risks) / Total risks) * 100,Annual,,Yes,,Risk: Inability to identify emerging risks or opportunities,,,,,,,,,,,,
MET-0865,Strategic planning efficiency,Enhanced strategic planning ensures that organizational goals are realistic and achievable.,Percent,HigherIsBetter,Benefit KPI,HR (Dept/OCHRO),See CalcFormula,(Count(Strategic planning efficiency) / Total efficiency) * 100,Annual,,Yes,,Risk: Misalignment of plans with actual environmental conditions,,,,,,,,,,,,
MET-0866,Employee utilization rates,Effective utilization of employee skills enhances productivity and job satisfaction.,Percent,HigherIsBetter,Benefit KPI,HR (Dept/OCHRO),See CalcFormula,(Count(Employee utilization rates) / Total rates) * 100,Quarterly,,Yes,,Risk: Misalignment of employee skills and job roles,,,,,,,,,,,,
MET-0867,Identified skills gaps,Addressing skills gaps ensures that the organization has the necessary capabilities to meet its goals.,Percent,LowerIsBetter,Benefit KPI,HR (Dept/OCHRO),See CalcFormula,(Count(Identified skills gaps) / Total gaps) * 100,Quarterly,,Yes,,Risk: Incomplete skills assessment,,,,,,,,,,,,
MET-0868,Quality of hires,Effective recruitment strategies attract high-quality candidates,Percent,HigherIsBetter,Benefit KPI,HR (Dept/OCHRO),See CalcFormula,(Count(Quality of hires) / Total hires) * 100,Annual,,Yes,,Risk:  improving overall organizational performance.,,,,,,,,,,,,
MET-0869,Talent attraction and retention rates,Understanding labour market trends enables the organization to adapt its HR strategies effectively.,Percent,HigherIsBetter,Benefit KPI,HR (Dept/OCHRO),See CalcFormula,(Count(Talent attraction and retention rates) / Total rates) * 100,Annual,,Yes,,Risk: Inaccurate labour market data,,,,,,,,,,,,
MET-0870,Workforce planning strategies,Strategic workforce planning ensures the organization can meet its future workforce needs effectively.,Percent,HigherIsBetter,Benefit KPI,HR (Dept/OCHRO),See CalcFormula,(Count(Workforce planning strategies) / Total strategies) * 100,Annual,,Yes,,Risk: Lack of reliable labour market data,,,,,,,,,,,,
MET-0871,Customer satisfaction rates,Satisfied employees and stakeholders are more likely to engage positively with HR processes.,Percent,HigherIsBetter,Benefit KPI,HR (Dept/OCHRO),See CalcFormula,(Count(Customer satisfaction rates) / Total rates) * 100,Quarterly,,Yes,,Risk: Inadequate customer feedback mechanisms,,,,,,,,,,,,
MET-0872,HR operational costs,Cost-effective service delivery ensures optimal use of organizational resources.,Dollars,LowerIsBetter,Benefit KPI,HR (Dept/OCHRO),See CalcFormula,Count(HR operational costs),Quarterly,,Yes,,Risk: Unanticipated operational expenses,,,,,,,,,,,,
MET-0873,Service delivery efficiency,Efficient service delivery models reduce the time and resources required for HR processes.,Percent,HigherIsBetter,Benefit KPI,HR (Dept/OCHRO),See CalcFormula,(Count(Service delivery efficiency) / Total efficiency) * 100,Quarterly,,Yes,,Risk: Resistance to change in service delivery processes,,,,,,,,,,,,
MET-0874,Service area effectiveness,Tailored service delivery ensures that each HR service area operates optimally.,Percent,HigherIsBetter,Benefit KPI,HR (Dept/OCHRO),See CalcFormula,(Count(Service area effectiveness) / Total effectiveness) * 100,Quarterly,,Yes,,Risk: Misalignment of service delivery models,,,,,,,,,,,,
MET-0875,Service delivery flexibility,Flexibility in service delivery ensures that the organization can respond quickly to new challenges and opportunities.,Percent,HigherIsBetter,Benefit KPI,HR (Dept/OCHRO),See CalcFormula,(Count(Service delivery flexibility) / Total flexibility) * 100,Quarterly,,Yes,,Risk: Resistance to flexible service delivery models,,,,,,,,,,,,
MET-0876,Partnership effectiveness,Strategic partnerships ensure continuity and reliability in service delivery.,Percent,HigherIsBetter,Benefit KPI,HR (Dept/OCHRO),See CalcFormula,(Count(Partnership effectiveness) / Total effectiveness) * 100,Quarterly,,Yes,,Risk: Misalignment of goals with service providers,,,,,,,,,,,,
MET-0877,Service delivery costs,Cost-efficient service delivery ensures optimal utilization of resources.,Dollars,LowerIsBetter,Benefit KPI,HR (Dept/OCHRO),See CalcFormula,Count(Service delivery costs),Quarterly,,Yes,,Risk: Unforeseen service costs impacting cost efficiency,,,,,,,,,,,,
MET-0878,Service quality metrics,Enhanced service quality improves employee satisfaction and operational efficiency.,Percent,HigherIsBetter,Benefit KPI,HR (Dept/OCHRO),See CalcFormula,(Count(Service quality metrics) / Total metrics) * 100,Quarterly,,Yes,,Risk: Inconsistent service quality,,,,,,,,,,,,
MET-0879,Operational efficiency metrics,Efficient service delivery ensures optimal utilization of resources.,Percent,HigherIsBetter,Benefit KPI,HR (Dept/OCHRO),See CalcFormula,(Count(Operational efficiency metrics) / Total metrics) * 100,Quarterly,,Yes,,Risk: Inconsistent operational efficiency,,,,,,,,,,,,
MET-0880,Service customization metrics,Customized HR services improve employee satisfaction and operational effectiveness.,Percent,HigherIsBetter,Benefit KPI,HR (Dept/OCHRO),See CalcFormula,(Count(Service customization metrics) / Total metrics) * 100,Quarterly,,Yes,,Risk: Misalignment of service delivery type with organizational needs,,,,,,,,,,,,
MET-0881,Strategic alignment metrics,Strategic alignment ensures continuity and reliability in service delivery.,Percent,HigherIsBetter,Benefit KPI,HR (Dept/OCHRO),See CalcFormula,(Count(Strategic alignment metrics) / Total metrics) * 100,Quarterly,,Yes,,Risk: Misalignment of service delivery type with organizational strategy,,,,,,,,,,,,
MET-0882,HR service costs,Cost savings can be redirected to other strategic initiatives within the organization.,Dollars,LowerIsBetter,Benefit KPI,HR (Dept/OCHRO),See CalcFormula,Count(HR service costs),Quarterly,,Yes,,Risk: Unexpected costs associated with digital transition,,,,,,,,,,,,
MET-0883,Manual HR tasks,Efficient HR processes reduce operational costs and time spent on administrative tasks.,Percent,LowerIsBetter,Benefit KPI,HR (Dept/OCHRO),See CalcFormula,(Count(Manual HR tasks) / Total tasks) * 100,Quarterly,,Yes,,Risk: Resistance to digital adoption,,,,,,,,,,,,
MET-0884,User satisfaction,Enhanced user experience increases employee satisfaction and engagement.,Percent,HigherIsBetter,Benefit KPI,HR (Dept/OCHRO),See CalcFormula,(Count(User satisfaction) / Total satisfaction) * 100,Quarterly,,Yes,,Risk: Low user adoption rates,,,,,,,,,,,,
MET-0885,Coordination metrics,Enhanced coordination improves efficiency and ensures consistent service delivery.,Percent,HigherIsBetter,Benefit KPI,HR (Dept/OCHRO),See CalcFormula,(Count(Coordination metrics) / Total metrics) * 100,Quarterly,,Yes,,Risk: Misalignment of coordination efforts,,,,,,,,,,,,
MET-0886,Service quality,High-quality HR services improve employee satisfaction and operational efficiency.,Percent,HigherIsBetter,Benefit KPI,HR (Dept/OCHRO),See CalcFormula,(Count(Service quality) / Total quality) * 100,Quarterly,,Yes,,Risk: Inconsistent service delivery standards,,,,,,,,,,,,
MET-0887,Decision making,Enhanced decision making leads to better strategic alignment and achievement of organizational goals.,Percent,HigherIsBetter,Benefit KPI,HR (Dept/OCHRO),See CalcFormula,(Count(Decision making) / Total making) * 100,Quarterly,,Yes,,Risk: Delays in advisory services,,,,,,,,,,,,
MET-0888,Employee support,Consistent support improves employee satisfaction and productivity.,Percent,HigherIsBetter,Benefit KPI,HR (Dept/OCHRO),See CalcFormula,(Count(Employee support) / Total support) * 100,Quarterly,,Yes,,Risk: Variability in support quality,,,,,,,,,,,,
MET-0889,Service delivery,Efficient HR service delivery ensures timely and accurate support to management and employees.,Percent,HigherIsBetter,Benefit KPI,HR (Dept/OCHRO),See CalcFormula,(Count(Service delivery) / Total delivery) * 100,Quarterly,,Yes,,Risk: Inconsistent service levels,,,,,,,,,,,,
MET-0890,Processing times,Efficient HR services reduce operational costs and time spent on administrative tasks.,Percent,LowerIsBetter,Benefit KPI,HR (Dept/OCHRO),See CalcFormula,(Count(Processing times) / Total times) * 100,Quarterly,,Yes,,Risk: Delays in standard implementation,,,,,,,,,,,,
MET-0891,Service consistency,Consistent service delivery enhances fairness and transparency in HR processes.,Percent,HigherIsBetter,Benefit KPI,HR (Dept/OCHRO),See CalcFormula,(Count(Service consistency) / Total consistency) * 100,Quarterly,,Yes,,Risk: Variability in service delivery,,,,,,,,,,,,
MET-0892,Data accuracy,Accurate records ensure compliance and reduce errors in HR processes.,Percent,HigherIsBetter,Benefit KPI,HR (Dept/OCHRO),See CalcFormula,(Count(Data accuracy) / Total accuracy) * 100,Quarterly,,Yes,,Risk: Data entry errors,,,,,,,,,,,,
MET-0893,Processing time,Efficient case management ensures timely resolution and reduces backlog.,Days,LowerIsBetter,Benefit KPI,HR (Dept/OCHRO),See CalcFormula,Count(Processing time),Quarterly,,Yes,,Risk: Resistance to new case management processes,,,,,,,,,,,,
MET-0894,HR process efficiency,Efficient HR processes reduce administrative burden and improve service delivery.,Percent,HigherIsBetter,Benefit KPI,HR (Dept/OCHRO),See CalcFormula,(Count(HR process efficiency) / Total efficiency) * 100,Quarterly,,Yes,,Risk: Resistance to new HR processes,,,,,,,,,,,,
MET-0895,Decision support quality,Well-informed decisions improve HR strategy alignment with organizational goals.,Percent,HigherIsBetter,Benefit KPI,HR (Dept/OCHRO),See CalcFormula,(Count(Decision support quality) / Total quality) * 100,Quarterly,,Yes,,Risk: Inconsistent advice quality,,,,,,,,,,,,
MET-0896,Accountability rates,Accountability improves decision-making quality and ethical standards.,Percent,HigherIsBetter,Benefit KPI,HR (Dept/OCHRO),See CalcFormula,(Count(Accountability rates) / Total rates) * 100,Annual,,Yes,,Risk: Lack of accountability in HR decisions,,,,,,,,,,,,
MET-0897,Transparency rates,Transparency builds trust and ensures accountability.,Percent,HigherIsBetter,Benefit KPI,HR (Dept/OCHRO),See CalcFormula,(Count(Transparency rates) / Total rates) * 100,Annual,,Yes,,Risk: Lack of transparency in decisions,,,,,,,,,,,,
MET-0898,Decision accuracy,Good advice ensures that HR decisions align with best practices and organizational goals.,Percent,HigherIsBetter,Benefit KPI,HR (Dept/OCHRO),See CalcFormula,(Count(Decision accuracy) / Total accuracy) * 100,Annual,,Yes,,Risk: Inconsistent advice quality,,,,,,,,,,,,
MET-0899,Decision quality,Informed decisions improve HR strategy and operational effectiveness.,Percent,HigherIsBetter,Benefit KPI,HR (Dept/OCHRO),See CalcFormula,(Count(Decision quality) / Total quality) * 100,Annual,,Yes,,Risk: Inconsistent expertise levels,,,,,,,,,,,,
MET-0900,Evaluation time,Efficient evaluations speed up HR processes and improve responsiveness.,Days,LowerIsBetter,Benefit KPI,HR (Dept/OCHRO),See CalcFormula,Count(Evaluation time),Annual,,Yes,,Risk: Delays in forming committees,,,,,,,,,,,,
MET-0901,Process delays,Efficient processes reduce delays and improve HR service delivery.,Index,LowerIsBetter,Benefit KPI,HR (Dept/OCHRO),See CalcFormula,Count(Process delays),Annual,,Yes,,Risk: Delays in advice dissemination,,,,,,,,,,,,
MET-0902,Program outcomes,Good advice ensures programs align with organizational goals and standards.,Percent,HigherIsBetter,Benefit KPI,HR (Dept/OCHRO),See CalcFormula,(Count(Program outcomes) / Total outcomes) * 100,Annual,,Yes,,Risk: Inconsistent advice quality,,,,,,,,,,,,
MET-0903,Safety and well-being metrics,Safe work environments improve employee morale and productivity.,Percent,HigherIsBetter,Benefit KPI,HR (Dept/OCHRO),See CalcFormula,(Count(Safety and well-being metrics) / Total metrics) * 100,Annual,,Yes,,Risk: Resistance to safety measures,,,,,,,,,,,,
MET-0904,Satisfaction rates,Good advice helps employees navigate HR programs effectively.,Percent,HigherIsBetter,Benefit KPI,HR (Dept/OCHRO),See CalcFormula,(Count(Satisfaction rates) / Total rates) * 100,Quarterly,,Yes,,Risk: Inconsistent advice quality,,,,,,,,,,,,
MET-0905,Data accessibility,Accessible data improves efficiency and decision-making.,Percent,HigherIsBetter,Benefit KPI,HR (Dept/OCHRO),See CalcFormula,(Count(Data accessibility) / Total accessibility) * 100,Quarterly,,Yes,,Risk: Limited data access,,,,,,,,,,,,
MET-0906,Data security,Secure data reduces the risk of breaches and ensures compliance with regulations.,Percent,HigherIsBetter,Benefit KPI,HR (Dept/OCHRO),See CalcFormula,(Count(Data security) / Total security) * 100,Quarterly,,Yes,,Risk: Data breaches,,,,,,,,,,,,
MET-0907,Data integrity,Consistent data improves decision-making and operational efficiency.,Percent,HigherIsBetter,Benefit KPI,HR (Dept/OCHRO),See CalcFormula,(Count(Data integrity) / Total integrity) * 100,Annual,,Yes,,Risk: Inconsistent data quality,,,,,,,,,,,,
MET-0908,Data privacy compliance,Maintaining data privacy ensures compliance with regulations and protects against breaches.,Percent,HigherIsBetter,Benefit KPI,HR (Dept/OCHRO),See CalcFormula,(Count(Data privacy compliance) / Total compliance) * 100,Annual,,Yes,,Risk: Data breaches,,,,,,,,,,,,
MET-0909,Data extraction time,Efficient data extraction processes enhance productivity and reduce delays.,Days,LowerIsBetter,Benefit KPI,HR (Dept/OCHRO),See CalcFormula,Count(Data extraction time),Quarterly,,Yes,,Risk: Delays in data extraction,,,,,,,,,,,,
MET-0910,Data quality,Quality data is essential for accurate reporting and decision-making.,Percent,HigherIsBetter,Benefit KPI,HR (Dept/OCHRO),See CalcFormula,(Count(Data quality) / Total quality) * 100,Quarterly,,Yes,,Risk: Poor data quality,,,,,,,,,,,,
MET-0911,Report accuracy,Accurate and timely reports support better decision-making.,Percent,HigherIsBetter,Benefit KPI,HR (Dept/OCHRO),See CalcFormula,(Count(Report accuracy) / Total accuracy) * 100,Quarterly,,Yes,,Risk: Inaccurate reporting,,,,,,,,,,,,
MET-0912,Compliance reporting,Compliance with legislative requirements is mandatory for legal and operational integrity.,Percent,HigherIsBetter,Benefit KPI,HR (Dept/OCHRO),See CalcFormula,(Count(Compliance reporting) / Total reporting) * 100,Annual,,Yes,,Risk: Incomplete or inaccurate reporting,,,,,,,,,,,,
MET-0913,Legal risks,Compliance with legislative requirements mitigates legal and operational risks.,Index,LowerIsBetter,Benefit KPI,HR (Dept/OCHRO),See CalcFormula,Count(Legal risks),Annual,,Yes,,Risk: Non-compliance with legal requirements,,,,,,,,,,,,
MET-0914,Transparency,Transparent reporting builds trust and accountability.,Percent,HigherIsBetter,Benefit KPI,HR (Dept/OCHRO),See CalcFormula,(Count(Transparency) / Total Transparency) * 100,Annual,,Yes,,Risk: Lack of transparency,,,,,,,,,,,,
MET-0915,Accountability,Detailed reports hold stakeholders accountable and ensure transparency.,Percent,HigherIsBetter,Benefit KPI,HR (Dept/OCHRO),See CalcFormula,(Count(Accountability) / Total Accountability) * 100,Quarterly,,Yes,,Risk: Lack of detailed reporting,,,,,,,,,,,,
MET-0916,Communication,Clear reports facilitate better communication and understanding among stakeholders.,Percent,HigherIsBetter,Benefit KPI,HR (Dept/OCHRO),See CalcFormula,(Count(Communication) / Total Communication) * 100,Quarterly,,Yes,,Risk: Lack of clarity in reports,,,,,,,,,,,,
MET-0917,Decision-making,Comprehensive reports provide essential information for strategic decisions.,Percent,HigherIsBetter,Benefit KPI,HR (Dept/OCHRO),See CalcFormula,(Count(Decision-making) / Total Decision-making) * 100,Quarterly,,Yes,,Risk: Incomplete data,,,,,,,,,,,,
MET-0918,Risks,Early identification of risks allows for proactive mitigation.,Index,LowerIsBetter,Benefit KPI,HR (Dept/OCHRO),See CalcFormula,Count(Risks),Quarterly,,Yes,,Risk: Data accuracy,,,,,,,,,,,,
MET-0919,System efficiency,Efficient HR systems streamline processes and reduce manual efforts.,Percent,HigherIsBetter,Benefit KPI,HR (Dept/OCHRO),See CalcFormula,(Count(System efficiency) / Total efficiency) * 100,Quarterly,,Yes,,Risk: System compatibility,,,,,,,,,,,,
MET-0920,Data privacy,Proper management of employee data protects privacy and ensures compliance.,Percent,HigherIsBetter,Benefit KPI,HR (Dept/OCHRO),See CalcFormula,(Count(Data privacy) / Total privacy) * 100,Annual,,Yes,,Risk: Data breaches,,,,,,,,,,,,
MET-0921,System integration,Integrated systems improve data flow and reduce redundancy.,Percent,HigherIsBetter,Benefit KPI,HR (Dept/OCHRO),See CalcFormula,(Count(System integration) / Total integration) * 100,Annual,,Yes,,Risk: System compatibility,,,,,,,,,,,,
MET-0922,Adaptability,Effective change management increases organizational adaptability and resilience.,Percent,HigherIsBetter,Benefit KPI,HR (Dept/OCHRO),See CalcFormula,(Count(Adaptability) / Total Adaptability) * 100,Annual,,Yes,,Risk: Resistance to change,,,,,,,,,,,,
MET-0923,Efficiency,Efficient change management minimizes disruptions and enhances productivity.,Percent,HigherIsBetter,Benefit KPI,HR (Dept/OCHRO),See CalcFormula,(Count(Efficiency) / Total Efficiency) * 100,Annual,,Yes,,Risk: Process disruptions,,,,,,,,,,,,
MET-0924,Compensation fairness,Fair compensation reduces turnover and improves employee satisfaction.,Percent,HigherIsBetter,Benefit KPI,HR (Dept/OCHRO),See CalcFormula,(Count(Compensation fairness) / Total fairness) * 100,Annual,,Yes,,Risk: Compensation disparities,,,,,,,,,,,,
MET-0925,Stability,Stable structures support effective governance and operations.,Percent,HigherIsBetter,Benefit KPI,HR (Dept/OCHRO),See CalcFormula,(Count(Stability) / Total Stability) * 100,Annual,,Yes,,Risk: Structural inconsistencies,,,,,,,,,,,,
MET-0926,Alignment,Aligned structures support effective governance and operations.,Percent,HigherIsBetter,Benefit KPI,HR (Dept/OCHRO),See CalcFormula,(Count(Alignment) / Total Alignment) * 100,Annual,,Yes,,Risk: Structural inconsistencies,,,,,,,,,,,,
MET-0927,Scalability,Scalable design supports growth and expansion.,Percent,HigherIsBetter,Benefit KPI,HR (Dept/OCHRO),See CalcFormula,(Count(Scalability) / Total Scalability) * 100,Quarterly,,Yes,,Risk: Growth challenges,,,,,,,,,,,,
MET-0928,Resource optimization,Optimized resource allocation improves efficiency and effectiveness.,Percent,HigherIsBetter,Benefit KPI,HR (Dept/OCHRO),See CalcFormula,(Count(Resource optimization) / Total optimization) * 100,Annual,,Yes,,Risk: Resource misallocation,,,,,,,,,,,,
MET-0929,Structured growth,Well-defined models facilitate strategic planning and growth.,Percent,HigherIsBetter,Benefit KPI,HR (Dept/OCHRO),See CalcFormula,(Count(Structured growth) / Total growth) * 100,Annual,,Yes,,Risk: Growth misalignment,,,,,,,,,,,,
MET-0930,Management effectiveness,Defined management levels support better oversight and leadership.,Percent,HigherIsBetter,Benefit KPI,HR (Dept/OCHRO),See CalcFormula,(Count(Management effectiveness) / Total effectiveness) * 100,Quarterly,,Yes,,Risk: Management inefficiencies,,,,,,,,,,,,
MET-0931,Reporting clarity,Clear hierarchies facilitate efficient communication and decision-making.,Percent,HigherIsBetter,Benefit KPI,HR (Dept/OCHRO),See CalcFormula,(Count(Reporting clarity) / Total clarity) * 100,Quarterly,,Yes,,Risk: Reporting ambiguities,,,,,,,,,,,,
MET-0932,Communication effectiveness,Clear reporting lines ensure information flows efficiently.,Percent,HigherIsBetter,Benefit KPI,HR (Dept/OCHRO),See CalcFormula,(Count(Communication effectiveness) / Total effectiveness) * 100,Quarterly,,Yes,,Risk: Communication barriers,,,,,,,,,,,,
MET-0933,Coordination,Clear reporting lines improve coordination and collaboration.,Percent,HigherIsBetter,Benefit KPI,HR (Dept/OCHRO),See CalcFormula,(Count(Coordination) / Total Coordination) * 100,Quarterly,,Yes,,Risk: Coordination challenges,,,,,,,,,,,,
MET-0934,Classification consistency,Maintaining a robust classification infrastructure supports consistent job evaluations.,Percent,HigherIsBetter,Benefit KPI,HR (Dept/OCHRO),See CalcFormula,(Count(Classification consistency) / Total consistency) * 100,Quarterly,,Yes,,Risk: Classification inconsistencies,,,,,,,,,,,,
MET-0935,Job evaluation accuracy,Maintaining a robust classification infrastructure supports precise job evaluations.,Percent,HigherIsBetter,Benefit KPI,HR (Dept/OCHRO),See CalcFormula,(Count(Job evaluation accuracy) / Total accuracy) * 100,Quarterly,,Yes,,Risk: Job evaluation errors,,,,,,,,,,,,
MET-0936,Position relativity,Ensuring position relativity supports fair and equitable job evaluations.,Percent,HigherIsBetter,Benefit KPI,HR (Dept/OCHRO),See CalcFormula,(Count(Position relativity) / Total relativity) * 100,Quarterly,,Yes,,Risk: Position relativity issues,,,,,,,,,,,,
MET-0937,Evaluation standardization,Maintaining standards supports consistent job evaluations.,Percent,HigherIsBetter,Benefit KPI,HR (Dept/OCHRO),See CalcFormula,(Count(Evaluation standardization) / Total standardization) * 100,Quarterly,,Yes,,Risk: Evaluation standardization issues,,,,,,,,,,,,
MET-0938,Group definitions,Maintaining clear groups supports structured job evaluations.,Percent,HigherIsBetter,Benefit KPI,HR (Dept/OCHRO),See CalcFormula,(Count(Group definitions) / Total definitions) * 100,Quarterly,,Yes,,Risk: Group definition issues,,,,,,,,,,,,
MET-0939,Work value accuracy,Maintaining job evaluation standards ensures fair work value assessments.,Percent,HigherIsBetter,Benefit KPI,HR (Dept/OCHRO),See CalcFormula,(Count(Work value accuracy) / Total accuracy) * 100,Quarterly,,Yes,,Risk: Work value assessment issues,,,,,,,,,,,,
MET-0940,Hiring accuracy,Creating qualification standards supports precise hiring processes.,Percent,HigherIsBetter,Benefit KPI,HR (Dept/OCHRO),See CalcFormula,(Count(Hiring accuracy) / Total accuracy) * 100,Quarterly,,Yes,,Risk: Hiring accuracy issues,,,,,,,,,,,,
MET-0941,Job performance,Creating qualification standards supports better job performance.,Percent,HigherIsBetter,Benefit KPI,HR (Dept/OCHRO),See CalcFormula,(Count(Job performance) / Total performance) * 100,Quarterly,,Yes,,Risk: Performance accuracy issues,,,,,,,,,,,,
MET-0942,Job requirement clarity,Creating qualification standards supports consistent job evaluations.,Percent,HigherIsBetter,Benefit KPI,HR (Dept/OCHRO),See CalcFormula,(Count(Job requirement clarity) / Total clarity) * 100,Quarterly,,Yes,,Risk: Job requirement inconsistencies,,,,,,,,,,,,
MET-0943,Job organization,Organizing jobs based on functions supports structured job evaluations.,Percent,HigherIsBetter,Benefit KPI,HR (Dept/OCHRO),See CalcFormula,(Count(Job organization) / Total organization) * 100,Quarterly,,Yes,,Risk: Job organization issues,,,,,,,,,,,,
MET-0944,Job clarity,Creating standards supports clarity in job roles.,Percent,HigherIsBetter,Benefit KPI,HR (Dept/OCHRO),See CalcFormula,(Count(Job clarity) / Total clarity) * 100,Quarterly,,Yes,,Risk: Role clarity issues,,,,,,,,,,,,
MET-0945,Job evaluation consistency,Creating standards supports uniform job evaluations.,Percent,HigherIsBetter,Benefit KPI,HR (Dept/OCHRO),See CalcFormula,(Count(Job evaluation consistency) / Total consistency) * 100,Quarterly,,Yes,,Risk: Inconsistent evaluations,,,,,,,,,,,,
MET-0946,Performance management,Creating standards supports performance evaluations.,Percent,HigherIsBetter,Benefit KPI,HR (Dept/OCHRO),See CalcFormula,(Count(Performance management) / Total management) * 100,Quarterly,,Yes,,Risk: Performance management issues,,,,,,,,,,,,
MET-0947,Pay fairness,Managing pay equity supports fair compensation.,Percent,HigherIsBetter,Benefit KPI,HR (Dept/OCHRO),See CalcFormula,(Count(Pay fairness) / Total fairness) * 100,Quarterly,,Yes,,Risk: Pay disparity issues,,,,,,,,,,,,
MET-0948,Reputation,Managing pay equity supports reputation.,Percent,HigherIsBetter,Benefit KPI,HR (Dept/OCHRO),See CalcFormula,(Count(Reputation) / Total Reputation) * 100,Quarterly,,Yes,,Risk: Reputation issues,,,,,,,,,,,,
MET-0949,Job structure,Managing jobs supports structured job roles.,Percent,HigherIsBetter,Benefit KPI,HR (Dept/OCHRO),See CalcFormula,(Count(Job structure) / Total structure) * 100,Quarterly,,Yes,,Risk: Job structure inconsistencies,,,,,,,,,,,,
MET-0950,Workforce planning,Managing jobs supports workforce planning.,Percent,HigherIsBetter,Benefit KPI,HR (Dept/OCHRO),See CalcFormula,(Count(Workforce planning) / Total planning) * 100,Quarterly,,Yes,,Risk: Workforce planning issues,,,,,,,,,,,,
MET-0951,Performance,Organizing jobs supports performance.,Percent,HigherIsBetter,Benefit KPI,HR (Dept/OCHRO),See CalcFormula,(Count(Performance) / Total Performance) * 100,Quarterly,,Yes,,Risk: Performance issues,,,,,,,,,,,,
MET-0952,Resource allocation,Organizing jobs supports resource allocation.,Percent,HigherIsBetter,Benefit KPI,HR (Dept/OCHRO),See CalcFormula,(Count(Resource allocation) / Total allocation) * 100,Quarterly,,Yes,,Risk: Allocation issues,,,,,,,,,,,,
MET-0953,Job expectations clarity,Clear job descriptions support role clarity.,Percent,HigherIsBetter,Benefit KPI,HR (Dept/OCHRO),See CalcFormula,(Count(Job expectations clarity) / Total clarity) * 100,Quarterly,,Yes,,Risk: Role clarity inconsistencies,,,,,,,,,,,,
MET-0954,Recruitment accuracy,Accurate job descriptions support better recruitment.,Percent,HigherIsBetter,Benefit KPI,HR (Dept/OCHRO),See CalcFormula,(Count(Recruitment accuracy) / Total accuracy) * 100,Quarterly,,Yes,,Risk: Recruitment challenges,,,,,,,,,,,,
MET-0955,HR efficiency,Standardized descriptions support HR efficiency.,Percent,HigherIsBetter,Benefit KPI,HR (Dept/OCHRO),See CalcFormula,(Count(HR efficiency) / Total efficiency) * 100,Quarterly,,Yes,,Risk: HR process challenges,,,,,,,,,,,,
MET-0956,Job classification,Standardized descriptions support job classification.,Percent,HigherIsBetter,Benefit KPI,HR (Dept/OCHRO),See CalcFormula,(Count(Job classification) / Total classification) * 100,Quarterly,,Yes,,Risk: Classification issues,,,,,,,,,,,,
MET-0957,Job role consistency,Standardized descriptions support role consistency.,Percent,HigherIsBetter,Benefit KPI,HR (Dept/OCHRO),See CalcFormula,(Count(Job role consistency) / Total consistency) * 100,Quarterly,,Yes,,Risk: Role inconsistency issues,,,,,,,,,,,,
MET-0958,Onboarding process,Detailed job descriptions support comprehensive onboarding.,Percent,HigherIsBetter,Benefit KPI,HR (Dept/OCHRO),See CalcFormula,(Count(Onboarding process) / Total process) * 100,Quarterly,,Yes,,Risk: Onboarding inconsistencies,,,,,,,,,,,,
MET-0959,Role documentation,Detailed job descriptions support comprehensive role understanding.,Percent,HigherIsBetter,Benefit KPI,HR (Dept/OCHRO),See CalcFormula,(Count(Role documentation) / Total documentation) * 100,Quarterly,,Yes,,Risk: Documentation inconsistencies,,,,,,,,,,,,
MET-0960,Training accuracy,Detailed job descriptions support targeted training.,Percent,HigherIsBetter,Benefit KPI,HR (Dept/OCHRO),See CalcFormula,(Count(Training accuracy) / Total accuracy) * 100,Quarterly,,Yes,,Risk: Training challenges,,,,,,,,,,,,
MET-0961,Compensation management,Accurate job assessments support compensation decisions.,Percent,HigherIsBetter,Benefit KPI,HR (Dept/OCHRO),See CalcFormula,(Count(Compensation management) / Total management) * 100,Quarterly,,Yes,,Risk: Compensation inconsistencies,,,,,,,,,,,,
MET-0962,Job satisfaction,Job validation reviews support job satisfaction.,Percent,HigherIsBetter,Benefit KPI,HR (Dept/OCHRO),See CalcFormula,(Count(Job satisfaction) / Total satisfaction) * 100,Quarterly,,Yes,,Risk: Satisfaction challenges,,,,,,,,,,,,
MET-0963,Role alignment,Job validation reviews support role alignment.,Percent,HigherIsBetter,Benefit KPI,HR (Dept/OCHRO),See CalcFormula,(Count(Role alignment) / Total alignment) * 100,Quarterly,,Yes,,Risk: Alignment inconsistencies,,,,,,,,,,,,
MET-0964,Classification accuracy,Accurate job classifications support HR decision-making.,Percent,HigherIsBetter,Benefit KPI,HR (Dept/OCHRO),See CalcFormula,(Count(Classification accuracy) / Total accuracy) * 100,Quarterly,,Yes,,Risk: Evaluation inconsistencies,,,,,,,,,,,,
MET-0965,Evaluation consistency,Consistent job evaluations support fair HR decisions.,Percent,HigherIsBetter,Benefit KPI,HR (Dept/OCHRO),See CalcFormula,(Count(Evaluation consistency) / Total consistency) * 100,Quarterly,,Yes,,Risk: Evaluation inconsistencies,,,,,,,,,,,,
MET-0966,Alignment accuracy,Accurate role alignment supports organizational efficiency.,Percent,HigherIsBetter,Benefit KPI,HR (Dept/OCHRO),See CalcFormula,(Count(Alignment accuracy) / Total accuracy) * 100,Quarterly,,Yes,,Risk: Alignment challenges,,,,,,,,,,,,
MET-0967,Position creation time,Efficient position creation supports organizational agility.,Days,HigherIsBetter,Benefit KPI,HR (Dept/OCHRO),See CalcFormula,Count(Position creation time),Quarterly,,Yes,,Risk: Creation delays,,,,,,,,,,,,
MET-0968,Role clarity index,Clear role identification supports organizational efficiency.,Percent,HigherIsBetter,Benefit KPI,HR (Dept/OCHRO),See CalcFormula,(Count(Role clarity index) / Total index) * 100,Quarterly,,Yes,,Risk: Clarity challenges,,,,,,,,,,,,
MET-0969,Data accuracy rate,Accurate data supports efficient position management.,Percent,HigherIsBetter,Benefit KPI,HR (Dept/OCHRO),See CalcFormula,(Count(Data accuracy rate) / Total rate) * 100,Quarterly,,Yes,,Risk: Data inconsistencies,,,,,,,,,,,,
MET-0970,Update time,Efficient updates support organizational agility.,Days,HigherIsBetter,Benefit KPI,HR (Dept/OCHRO),See CalcFormula,Count(Update time),Quarterly,,Yes,,Risk: Update delays,,,,,,,,,,,,
MET-0971,Recruitment efficiency,Efficient recruitment supports organizational productivity.,Percent,HigherIsBetter,Benefit KPI,HR (Dept/OCHRO),See CalcFormula,(Count(Recruitment efficiency) / Total efficiency) * 100,Quarterly,,Yes,,Risk: Recruitment delays,,,,,,,,,,,,
MET-0972,Vacancy duration,Reducing vacancy time improves organizational efficiency.,Days,HigherIsBetter,Benefit KPI,HR (Dept/OCHRO),See CalcFormula,Count(Vacancy duration),Quarterly,,Yes,,Risk: Vacancy management challenges,,,,,,,,,,,,
MET-0973,Workforce planning improvement,Accurate vacancy management supports workforce planning.,Percent,HigherIsBetter,Benefit KPI,HR (Dept/OCHRO),See CalcFormula,(Count(Workforce planning improvement) / Total improvement) * 100,Quarterly,,Yes,,Risk: Planning challenges,,,,,,,,,,,,
MET-0974,Hiring duration,Reducing hiring time improves organizational efficiency.,Days,HigherIsBetter,Benefit KPI,HR (Dept/OCHRO),See CalcFormula,Count(Hiring duration),Quarterly,,Yes,,Risk: Hiring delays,,,,,,,,,,,,
MET-0975,Talent acquisition rate,Effective resourcing supports organizational growth.,Percent,HigherIsBetter,Benefit KPI,HR (Dept/OCHRO),See CalcFormula,(Count(Talent acquisition rate) / Total rate) * 100,Quarterly,,Yes,,Risk: Acquisition challenges,,,,,,,,,,,,
MET-0976,Hiring strategy effectiveness,Effective hiring strategies support organizational growth.,Percent,HigherIsBetter,Benefit KPI,HR (Dept/OCHRO),See CalcFormula,(Count(Hiring strategy effectiveness) / Total effectiveness) * 100,Quarterly,,Yes,,Risk: Strategy development challenges,,,,,,,,,,,,
MET-0977,Resourcing strategy effectiveness,Effective resourcing strategies support organizational growth.,Percent,HigherIsBetter,Benefit KPI,HR (Dept/OCHRO),See CalcFormula,(Count(Resourcing strategy effectiveness) / Total effectiveness) * 100,Quarterly,,Yes,,Risk: Strategy development challenges,,,,,,,,,,,,
MET-0978,Candidate selection efficiency,Efficient selection supports organizational productivity.,Percent,HigherIsBetter,Benefit KPI,HR (Dept/OCHRO),See CalcFormula,(Count(Candidate selection efficiency) / Total efficiency) * 100,Quarterly,,Yes,,Risk: Selection delays,,,,,,,,,,,,
MET-0979,Assessment accuracy,Accurate assessments support effective hiring.,Percent,HigherIsBetter,Benefit KPI,HR (Dept/OCHRO),See CalcFormula,(Count(Assessment accuracy) / Total accuracy) * 100,Quarterly,,Yes,,Risk: Assessment tool challenges,,,,,,,,,,,,
MET-0980,Candidate identification rate,Effective identification supports successful hiring.,Percent,HigherIsBetter,Benefit KPI,HR (Dept/OCHRO),See CalcFormula,(Count(Candidate identification rate) / Total rate) * 100,Quarterly,,Yes,,Risk: Identification challenges,,,,,,,,,,,,
MET-0981,Applicant attraction rate,Effective postings support successful hiring.,Percent,HigherIsBetter,Benefit KPI,HR (Dept/OCHRO),See CalcFormula,(Count(Applicant attraction rate) / Total rate) * 100,Quarterly,,Yes,,Risk: Attraction challenges,,,,,,,,,,,,
MET-0982,Job posting quality,High-quality postings support organizational productivity.,Percent,HigherIsBetter,Benefit KPI,HR (Dept/OCHRO),See CalcFormula,(Count(Job posting quality) / Total quality) * 100,Quarterly,,Yes,,Risk: Posting delays,,,,,,,,,,,,
MET-0983,Applicant quality improvement,Targeted postings result in better applicant quality.,Percent,HigherIsBetter,Benefit KPI,HR (Dept/OCHRO),See CalcFormula,(Count(Applicant quality improvement) / Total improvement) * 100,Quarterly,,Yes,,Risk: Quality challenges,,,,,,,,,,,,
MET-0984,Job post visibility rate,Effective postings increase the number of qualified applicants.,Percent,HigherIsBetter,Benefit KPI,HR (Dept/OCHRO),See CalcFormula,(Count(Job post visibility rate) / Total rate) * 100,Quarterly,,Yes,,Risk: Visibility challenges,,,,,,,,,,,,
MET-0985,Applicant experience rate,Good experience attracts better applicants.,Percent,HigherIsBetter,Benefit KPI,HR (Dept/OCHRO),See CalcFormula,(Count(Applicant experience rate) / Total rate) * 100,Quarterly,,Yes,,Risk: Experience challenges,,,,,,,,,,,,
MET-0986,Applicant-job match rate,Effective matching increases the quality of hires.,Percent,HigherIsBetter,Benefit KPI,HR (Dept/OCHRO),See CalcFormula,(Count(Applicant-job match rate) / Total rate) * 100,Quarterly,,Yes,,Risk: Matching challenges,,,,,,,,,,,,
MET-0987,Priority clearance speed,Efficient priority management reduces delays.,Percent,HigherIsBetter,Benefit KPI,HR (Dept/OCHRO),See CalcFormula,(Count(Priority clearance speed) / Total speed) * 100,Quarterly,,Yes,,Risk: Clearance delays,,,,,,,,,,,,
MET-0988,Candidate quality rate,Assessing candidates accurately enhances workforce quality.,Percent,HigherIsBetter,Benefit KPI,HR (Dept/OCHRO),See CalcFormula,(Count(Candidate quality rate) / Total rate) * 100,Quarterly,,Yes,,Risk: Assessment accuracy,,,,,,,,,,,,
MET-0989,Hiring cost savings,Accurate assessments reduce turnover and associated costs.,Dollars,HigherIsBetter,Benefit KPI,HR (Dept/OCHRO),See CalcFormula,Count(Hiring cost savings),Quarterly,,Yes,,Risk: Cost management,,,,,,,,,,,,
MET-0990,Hiring efficiency rate,Efficient hiring supports organizational productivity.,Percent,HigherIsBetter,Benefit KPI,HR (Dept/OCHRO),See CalcFormula,(Count(Hiring efficiency rate) / Total rate) * 100,Quarterly,,Yes,,Risk: Hiring delays,,,,,,,,,,,,
MET-0991,Assessment accuracy rate,Accurate assessments improve hiring quality.,Percent,HigherIsBetter,Benefit KPI,HR (Dept/OCHRO),See CalcFormula,(Count(Assessment accuracy rate) / Total rate) * 100,Quarterly,,Yes,,Risk: Assessment challenges,,,,,,,,,,,,
MET-0992,Resource utilization rate,Efficient use of resources reduces costs.,Percent,HigherIsBetter,Benefit KPI,HR (Dept/OCHRO),See CalcFormula,(Count(Resource utilization rate) / Total rate) * 100,Quarterly,,Yes,,Risk: Resource management,,,,,,,,,,,,
MET-0993,Candidate fit rate,Accurate assessment leads to better job performance.,Percent,HigherIsBetter,Benefit KPI,HR (Dept/OCHRO),See CalcFormula,(Count(Candidate fit rate) / Total rate) * 100,Quarterly,,Yes,,Risk: Assessment validity,,,,,,,,,,,,
MET-0994,Hiring accuracy rate,Accurate hiring improves organizational performance.,Percent,HigherIsBetter,Benefit KPI,HR (Dept/OCHRO),See CalcFormula,(Count(Hiring accuracy rate) / Total rate) * 100,Quarterly,,Yes,,Risk: Assessment challenges,,,,,,,,,,,,
MET-0995,Turnover rate,Better fit reduces turnover and associated costs.,Percent,LowerIsBetter,Benefit KPI,HR (Dept/OCHRO),See CalcFormula,(Count(Turnover rate) / Total rate) * 100,Quarterly,,Yes,,Risk: Turnover management,,,,,,,,,,,,
MET-0996,Hiring quality rate,Merit-based selection improves job performance.,Percent,HigherIsBetter,Benefit KPI,HR (Dept/OCHRO),See CalcFormula,(Count(Hiring quality rate) / Total rate) * 100,Quarterly,,Yes,,Risk: Selection biases,,,,,,,,,,,,
MET-0997,Performance rate,Quality hires lead to better performance.,Percent,HigherIsBetter,Benefit KPI,HR (Dept/OCHRO),See CalcFormula,(Count(Performance rate) / Total rate) * 100,Quarterly,,Yes,,Risk: Performance measurement,,,,,,,,,,,,
MET-0998,Satisfaction rate,Fair selection improves morale and satisfaction.,Percent,HigherIsBetter,Benefit KPI,HR (Dept/OCHRO),See CalcFormula,(Count(Satisfaction rate) / Total rate) * 100,Quarterly,,Yes,,Risk: Satisfaction challenges,,,,,,,,,,,,
MET-0999,Candidate satisfaction rate,Timely offers improve candidate satisfaction.,Percent,HigherIsBetter,Benefit KPI,HR (Dept/OCHRO),See CalcFormula,(Count(Candidate satisfaction rate) / Total rate) * 100,Monthly,,Yes,,Risk: Candidate dissatisfaction,,,,,,,,,,,,
MET-1000,Offer acceptance rate,Prompt offers are more likely to be accepted.,Percent,HigherIsBetter,Benefit KPI,HR (Dept/OCHRO),See CalcFormula,(Count(Offer acceptance rate) / Total rate) * 100,Monthly,,Yes,,Risk: Offer rejections,,,,,,,,,,,,
MET-1001,Time to hire,Efficient job offers speed up the hiring process.,Days,HigherIsBetter,Benefit KPI,HR (Dept/OCHRO),See CalcFormula,Count(Time to hire),Monthly,,Yes,,Risk: Offer delays,,,,,,,,,,,,
MET-1002,Candidate tracking rate,Effective management ensures a smooth recruitment process.,Percent,HigherIsBetter,Benefit KPI,HR (Dept/OCHRO),See CalcFormula,(Count(Candidate tracking rate) / Total rate) * 100,Quarterly,,Yes,,Risk: Tracking errors,,,,,,,,,,,,
MET-1003,Communication satisfaction rate,Clear communication enhances candidate experience.,Percent,HigherIsBetter,Benefit KPI,HR (Dept/OCHRO),See CalcFormula,(Count(Communication satisfaction rate) / Total rate) * 100,Quarterly,,Yes,,Risk: Communication breakdowns,,,,,,,,,,,,
MET-1004,Retention rate,Effective management leads to higher candidate retention.,Percent,HigherIsBetter,Benefit KPI,HR (Dept/OCHRO),See CalcFormula,(Count(Retention rate) / Total rate) * 100,Quarterly,,Yes,,Risk: Retention challenges,,,,,,,,,,,,
MET-1005,Talent pool size,A ready talent pool reduces time-to-fill for future openings.,Index,HigherIsBetter,Benefit KPI,HR (Dept/OCHRO),See CalcFormula,Count(Talent pool size),Quarterly,,Yes,,Risk: Pool management challenges,,,,,,,,,,,,
MET-1006,Time to fill,Reducing recruitment time enhances overall HR efficiency.,Days,HigherIsBetter,Benefit KPI,HR (Dept/OCHRO),See CalcFormula,Count(Time to fill),Quarterly,,Yes,,Risk: Delays in candidate availability,,,,,,,,,,,,
MET-1007,Bargaining success rate,Better bargaining outcomes improve labor agreements.,Percent,HigherIsBetter,Benefit KPI,HR (Dept/OCHRO),See CalcFormula,(Count(Bargaining success rate) / Total rate) * 100,Quarterly,,Yes,,Risk: Negotiation challenges,,,,,,,,,,,,
MET-1008,Employee satisfaction rate,Strong employee relations lead to a more harmonious workplace.,Percent,HigherIsBetter,Benefit KPI,HR (Dept/OCHRO),See CalcFormula,(Count(Employee satisfaction rate) / Total rate) * 100,Quarterly,,Yes,,Risk: Conflicts and grievances,,,,,,,,,,,,
MET-1009,Grievance rate,Fewer grievances indicate effective labor relations management.,Rate,HigherIsBetter,Benefit KPI,HR (Dept/OCHRO),See CalcFormula,Count(Grievance rate),Quarterly,,Yes,,Risk: Increase in grievances,,,,,,,,,,,,
MET-1010,Agreement time,Faster agreements lead to quicker implementation.,Days,HigherIsBetter,Benefit KPI,HR (Dept/OCHRO),See CalcFormula,Count(Agreement time),Quarterly,,Yes,,Risk: Delays in agreements,,,,,,,,,,,,
MET-1011,Conflict rate,Reducing conflicts improves the negotiation process.,Rate,HigherIsBetter,Benefit KPI,HR (Dept/OCHRO),See CalcFormula,Count(Conflict rate),Quarterly,,Yes,,Risk: Conflict management,,,,,,,,,,,,
MET-1012,Negotiation success rate,Effective negotiation leads to better agreements.,Percent,HigherIsBetter,Benefit KPI,HR (Dept/OCHRO),See CalcFormula,(Count(Negotiation success rate) / Total rate) * 100,Quarterly,,Yes,,Risk: Negotiation complexities,,,,,,,,,,,,
MET-1013,Employee morale rate,Enhances job satisfaction and retention.,Percent,HigherIsBetter,Benefit KPI,HR (Dept/OCHRO),See CalcFormula,(Count(Employee morale rate) / Total rate) * 100,Quarterly,,Yes,,Risk: Employee dissatisfaction,,,,,,,,,,,,
MET-1014,Operational impact rate,Reduces the negative effects on operations.,Percent,HigherIsBetter,Benefit KPI,HR (Dept/OCHRO),See CalcFormula,(Count(Operational impact rate) / Total rate) * 100,Quarterly,,Yes,,Risk: Coordination issues,,,,,,,,,,,,
MET-1015,Service continuity rate,Ensures critical functions remain operational.,Percent,HigherIsBetter,Benefit KPI,HR (Dept/OCHRO),See CalcFormula,(Count(Service continuity rate) / Total rate) * 100,Quarterly,,Yes,,Risk: Service disruption,,,,,,,,,,,,
MET-1016,Disruption impact rate,Reduces the negative effects on business continuity.,Percent,HigherIsBetter,Benefit KPI,HR (Dept/OCHRO),See CalcFormula,(Count(Disruption impact rate) / Total rate) * 100,Quarterly,,Yes,,Risk: Impact mitigation,,,,,,,,,,,,
MET-1017,Readiness rate,Increases organizational resilience.,Percent,HigherIsBetter,Benefit KPI,HR (Dept/OCHRO),See CalcFormula,(Count(Readiness rate) / Total rate) * 100,Quarterly,,Yes,,Risk: Planning challenges,,,,,,,,,,,,
MET-1018,Stakeholder confidence rate,Demonstrates commitment to maintaining operations,Percent,HigherIsBetter,Benefit KPI,HR (Dept/OCHRO),See CalcFormula,(Count(Stakeholder confidence rate) / Total rate) * 100,Quarterly,,Yes,,Risk: Stakeholder concerns,,,,,,,,,,,,
MET-1019,Bargaining power index,Well-defined strategies increase bargaining leverage.,Percent,HigherIsBetter,Benefit KPI,HR (Dept/OCHRO),See CalcFormula,(Count(Bargaining power index) / Total index) * 100,Quarterly,,Yes,,Risk: Strategy execution,,,,,,,,,,,,
MET-1020,Preparedness rate,Better preparation improves negotiation effectiveness.,Percent,HigherIsBetter,Benefit KPI,HR (Dept/OCHRO),See CalcFormula,(Count(Preparedness rate) / Total rate) * 100,Quarterly,,Yes,,Risk: Lack of preparation,,,,,,,,,,,,
MET-1021,Success rate of negotiations,Clear strategies lead to better negotiation results.,Percent,HigherIsBetter,Benefit KPI,HR (Dept/OCHRO),See CalcFormula,(Count(Success rate of negotiations) / Total negotiations) * 100,Quarterly,,Yes,,Risk: Strategy misalignment,,,,,,,,,,,,
MET-1022,Confidence rate,Stakeholders trust well-prepared negotiations.,Percent,HigherIsBetter,Benefit KPI,HR (Dept/OCHRO),See CalcFormula,(Count(Confidence rate) / Total rate) * 100,Quarterly,,Yes,,Risk: Stakeholder concerns,,,,,,,,,,,,
MET-1023,Efficiency rate,Effective preparation reduces negotiation time.,Percent,HigherIsBetter,Benefit KPI,HR (Dept/OCHRO),See CalcFormula,(Count(Efficiency rate) / Total rate) * 100,Quarterly,,Yes,,Risk: Lack of efficiency,,,,,,,,,,,,
MET-1024,Outcome success rate,High-quality preparation leads to better outcomes.,Percent,HigherIsBetter,Benefit KPI,HR (Dept/OCHRO),See CalcFormula,(Count(Outcome success rate) / Total rate) * 100,Quarterly,,Yes,,Risk: Outcome uncertainties,,,,,,,,,,,,
MET-1025,Agreement success rate,Balanced agreements lead to better employee satisfaction.,Percent,HigherIsBetter,Benefit KPI,HR (Dept/OCHRO),See CalcFormula,(Count(Agreement success rate) / Total rate) * 100,Quarterly,,Yes,,Risk: Negotiation breakdowns,,,,,,,,,,,,
MET-1026,Management success rate,Tailored conditions improve workforce management.,Percent,HigherIsBetter,Benefit KPI,HR (Dept/OCHRO),See CalcFormula,(Count(Management success rate) / Total rate) * 100,Quarterly,,Yes,,Risk: Management challenges,,,,,,,,,,,,
MET-1027,Compensation accuracy rate,Fair compensation management enhances employee trust.,Percent,HigherIsBetter,Benefit KPI,HR (Dept/OCHRO),See CalcFormula,(Count(Compensation accuracy rate) / Total rate) * 100,Quarterly,,Yes,,Risk: Implementation challenges,,,,,,,,,,,,
MET-1028,Relations improvement rate,Clear agreements improve employee trust and cooperation.,Percent,HigherIsBetter,Benefit KPI,HR (Dept/OCHRO),See CalcFormula,(Count(Relations improvement rate) / Total rate) * 100,Quarterly,,Yes,,Risk: Relations challenges,,,,,,,,,,,,
MET-1029,Grievance resolution rate,Prompt addressing of issues improves workplace harmony.,Percent,HigherIsBetter,Benefit KPI,HR (Dept/OCHRO),See CalcFormula,(Count(Grievance resolution rate) / Total rate) * 100,Quarterly,,Yes,,Risk: Grievance handling challenges,,,,,,,,,,,,
MET-1030,Trust improvement rate,Clear recourse builds trust in the organization.,Percent,HigherIsBetter,Benefit KPI,HR (Dept/OCHRO),See CalcFormula,(Count(Trust improvement rate) / Total rate) * 100,Quarterly,,Yes,,Risk: Trust building challenges,,,,,,,,,,,,
MET-1031,Incident resolution rate,Prompt incident management improves workplace safety.,Percent,HigherIsBetter,Benefit KPI,HR (Dept/OCHRO),See CalcFormula,(Count(Incident resolution rate) / Total rate) * 100,Quarterly,,Yes,,Risk: Incident handling challenges,,,,,,,,,,,,
MET-1032,Investigation completion rate,Thorough investigations improve accountability.,Percent,HigherIsBetter,Benefit KPI,HR (Dept/OCHRO),See CalcFormula,(Count(Investigation completion rate) / Total rate) * 100,Quarterly,,Yes,,Risk: Investigation handling challenges,,,,,,,,,,,,
MET-1033,Safety incident resolution rate,Thorough investigations improve workplace safety.,Percent,HigherIsBetter,Benefit KPI,HR (Dept/OCHRO),See CalcFormula,(Count(Safety incident resolution rate) / Total rate) * 100,Quarterly,,Yes,,Risk: Safety incident handling challenges,,,,,,,,,,,,
MET-1034,Climate improvement rate,Managing grievances improves the organizational climate.,Percent,HigherIsBetter,Benefit KPI,HR (Dept/OCHRO),See CalcFormula,(Count(Climate improvement rate) / Total rate) * 100,Quarterly,,Yes,,Risk: Climate management challenges,,,,,,,,,,,,
MET-1035,Conflict resolution rate,Effective complaints management reduces workplace conflicts.,Percent,HigherIsBetter,Benefit KPI,HR (Dept/OCHRO),See CalcFormula,(Count(Conflict resolution rate) / Total rate) * 100,Quarterly,,Yes,,Risk: Conflict handling challenges,,,,,,,,,,,,
MET-1036,Legal compliance rate,Legally binding decisions ensure adherence to laws.,Percent,HigherIsBetter,Benefit KPI,HR (Dept/OCHRO),See CalcFormula,(Count(Legal compliance rate) / Total rate) * 100,Quarterly,,Yes,,Risk: Legal handling challenges,,,,,,,,,,,,
MET-1037,Decision accuracy rate,Comprehensive evidence ensures informed decisions.,Percent,HigherIsBetter,Benefit KPI,HR (Dept/OCHRO),See CalcFormula,(Count(Decision accuracy rate) / Total rate) * 100,Quarterly,,Yes,,Risk: Evidence handling challenges,,,,,,,,,,,,
MET-1038,Recommendation accuracy rate,Comprehensive evidence ensures informed recommendations.,Percent,HigherIsBetter,Benefit KPI,HR (Dept/OCHRO),See CalcFormula,(Count(Recommendation accuracy rate) / Total rate) * 100,Quarterly,,Yes,,Risk: Evidence handling challenges,,,,,,,,,,,,
MET-1039,Conflict reduction rate,Effective management reduces workplace conflicts.,Percent,HigherIsBetter,Benefit KPI,HR (Dept/OCHRO),See CalcFormula,(Count(Conflict reduction rate) / Total rate) * 100,Quarterly,,Yes,,Risk: Conflict management challenges,,,,,,,,,,,,
MET-1040,Labor relations rate,Good labor relations improve workplace harmony.,Percent,HigherIsBetter,Benefit KPI,HR (Dept/OCHRO),See CalcFormula,(Count(Labor relations rate) / Total rate) * 100,Quarterly,,Yes,,Risk: Relationship management challenges,,,,,,,,,,,,
MET-1041,Cooperation rate,Effective management enhances cooperation between employer and unions.,Percent,HigherIsBetter,Benefit KPI,HR (Dept/OCHRO),See CalcFormula,(Count(Cooperation rate) / Total rate) * 100,Quarterly,,Yes,,Risk: Partnership management challenges,,,,,,,,,,,,
MET-1042,Dispute reduction rate,Effective partnership management reduces labor disputes.,Percent,HigherIsBetter,Benefit KPI,HR (Dept/OCHRO),See CalcFormula,(Count(Dispute reduction rate) / Total rate) * 100,Quarterly,,Yes,,Risk: Dispute resolution challenges,,,,,,,,,,,,
MET-1043,Crisis response rate,Effective management ensures quick and effective crisis response.,Percent,HigherIsBetter,Benefit KPI,HR (Dept/OCHRO),See CalcFormula,(Count(Crisis response rate) / Total rate) * 100,Quarterly,,Yes,,Risk: Crisis management challenges,,,,,,,,,,,,
MET-1044,Downtime reduction rate,Effective management reduces operational disruptions.,Percent,HigherIsBetter,Benefit KPI,HR (Dept/OCHRO),See CalcFormula,(Count(Downtime reduction rate) / Total rate) * 100,Quarterly,,Yes,,Risk: Operational downtime challenges,,,,,,,,,,,,
MET-1045,Safety improvement rate,Effective crisis management improves employee safety.,Percent,HigherIsBetter,Benefit KPI,HR (Dept/OCHRO),See CalcFormula,(Count(Safety improvement rate) / Total rate) * 100,Quarterly,,Yes,,Risk: Safety management challenges,,,,,,,,,,,,
MET-1046,Efficiency improvement rate,Clear exclusions streamline operations and decision-making.,Percent,HigherIsBetter,Benefit KPI,HR (Dept/OCHRO),See CalcFormula,(Count(Efficiency improvement rate) / Total rate) * 100,Quarterly,,Yes,,Risk: Efficiency challenges,,,,,,,,,,,,
MET-1047,Role clarity rate,Clear definitions avoid role conflicts and overlaps.,Percent,HigherIsBetter,Benefit KPI,HR (Dept/OCHRO),See CalcFormula,(Count(Role clarity rate) / Total rate) * 100,Quarterly,,Yes,,Risk: Role definition challenges,,,,,,,,,,,,
MET-1048,Disruption reduction rate,Effective strike management ensures continuity of operations.,Percent,HigherIsBetter,Benefit KPI,HR (Dept/OCHRO),See CalcFormula,(Count(Disruption reduction rate) / Total rate) * 100,Quarterly,,Yes,,Risk: Disruption management challenges,,,,,,,,,,,,
MET-1049,Employee relations rate,Effective communication reduces misunderstandings and conflicts.,Percent,HigherIsBetter,Benefit KPI,HR (Dept/OCHRO),See CalcFormula,(Count(Employee relations rate) / Total rate) * 100,Quarterly,,Yes,,Risk: Communication challenges,,,,,,,,,,,,
MET-1050,Negotiation leverage rate,A clear strike strategy strengthens negotiation positions.,Percent,HigherIsBetter,Benefit KPI,HR (Dept/OCHRO),See CalcFormula,(Count(Negotiation leverage rate) / Total rate) * 100,Quarterly,,Yes,,Risk: Leverage building challenges,,,,,,,,,,,,
MET-1051,Satisfaction improvement rate,Comprehensive compensation packages improve morale and retention.,Percent,HigherIsBetter,Benefit KPI,HR (Dept/OCHRO),See CalcFormula,(Count(Satisfaction improvement rate) / Total rate) * 100,Quarterly,,Yes,,Risk: Satisfaction measurement challenges,,,,,,,,,,,,
MET-1052,Talent attraction rate,Comprehensive compensation attracts high-quality candidates.,Percent,HigherIsBetter,Benefit KPI,HR (Dept/OCHRO),See CalcFormula,(Count(Talent attraction rate) / Total rate) * 100,Quarterly,,Yes,,Risk: Attraction strategy challenges,,,,,,,,,,,,
MET-1053,Equity improvement rate,A well-managed compensation structure promotes fairness.,Percent,HigherIsBetter,Benefit KPI,HR (Dept/OCHRO),See CalcFormula,(Count(Equity improvement rate) / Total rate) * 100,Quarterly,,Yes,,Risk: Equity measurement challenges,,,,,,,,,,,,
MET-1054,Transparency improvement rate,Transparent practices improve trust and engagement.,Percent,HigherIsBetter,Benefit KPI,HR (Dept/OCHRO),See CalcFormula,(Count(Transparency improvement rate) / Total rate) * 100,Quarterly,,Yes,,Risk: Transparency strategy challenges,,,,,,,,,,,,
MET-1055,Agreement compliance rate,Compliance with agreements reduces disputes and grievances.,Percent,HigherIsBetter,Benefit KPI,HR (Dept/OCHRO),See CalcFormula,(Count(Agreement compliance rate) / Total rate) * 100,Quarterly,,Yes,,Risk: Compliance challenges,,,,,,,,,,,,
MET-1056,Operational efficiency rate,Efficient payroll processes reduce administrative overhead.,Percent,HigherIsBetter,Benefit KPI,HR (Dept/OCHRO),See CalcFormula,(Count(Operational efficiency rate) / Total rate) * 100,Quarterly,,Yes,,Risk: Efficiency strategy challenges,,,,,,,,,,,,
MET-1057,Payroll accuracy rate,Accurate payroll improves employee satisfaction.,Percent,HigherIsBetter,Benefit KPI,HR (Dept/OCHRO),See CalcFormula,(Count(Payroll accuracy rate) / Total rate) * 100,Quarterly,,Yes,,Risk: Accuracy measurement challenges,,,,,,,,,,,,
MET-1058,Payroll consistency rate,Consistent rules improve payroll reliability.,Percent,HigherIsBetter,Benefit KPI,HR (Dept/OCHRO),See CalcFormula,(Count(Payroll consistency rate) / Total rate) * 100,Quarterly,,Yes,,Risk: Consistency strategy challenges,,,,,,,,,,,,
MET-1059,Rule compliance rate,Proper rule administration enhances compliance.,Percent,HigherIsBetter,Benefit KPI,HR (Dept/OCHRO),See CalcFormula,(Count(Rule compliance rate) / Total rate) * 100,Quarterly,,Yes,,Risk: Compliance challenges,,,,,,,,,,,,
MET-1060,Timeliness rate,Timely adjustments improve payroll efficiency and employee trust.,Percent,HigherIsBetter,Benefit KPI,HR (Dept/OCHRO),See CalcFormula,(Count(Timeliness rate) / Total rate) * 100,Quarterly,,Yes,,Risk: Timeliness challenges,,,,,,,,,,,,
MET-1061,Accuracy rate,Accurate recovery processes improve payroll accuracy.,Percent,HigherIsBetter,Benefit KPI,HR (Dept/OCHRO),See CalcFormula,(Count(Accuracy rate) / Total rate) * 100,Quarterly,,Yes,,Risk: Accuracy measurement challenges,,,,,,,,,,,,
MET-1062,Recovery rate,Timely recovery of overpayments mitigates financial risks.,Percent,HigherIsBetter,Benefit KPI,HR (Dept/OCHRO),See CalcFormula,(Count(Recovery rate) / Total rate) * 100,Quarterly,,Yes,,Risk: Recovery challenges,,,,,,,,,,,,
MET-1063,Error rate,Proper verification processes reduce payroll errors.,Percent,LowerIsBetter,Benefit KPI,HR (Dept/OCHRO),See CalcFormula,(Count(Error rate) / Total rate) * 100,Quarterly,,Yes,,Risk: Error detection challenges,,,,,,,,,,,,
MET-1064,Payment timeliness rate,Timely payments improve employee satisfaction and retention.,Percent,HigherIsBetter,Benefit KPI,HR (Dept/OCHRO),See CalcFormula,(Count(Payment timeliness rate) / Total rate) * 100,Quarterly,,Yes,,Risk: Payment processing challenges,,,,,,,,,,,,
MET-1065,Trust rate,Consistent and accurate payments foster trust and reliability.,Percent,HigherIsBetter,Benefit KPI,HR (Dept/OCHRO),See CalcFormula,(Count(Trust rate) / Total rate) * 100,Quarterly,,Yes,,Risk: Trust and reliability challenges,,,,,,,,,,,,
MET-1066,Stability rate,Timely and accurate payments improve financial planning.,Percent,HigherIsBetter,Benefit KPI,HR (Dept/OCHRO),See CalcFormula,(Count(Stability rate) / Total rate) * 100,Quarterly,,Yes,,Risk: Financial planning challenges,,,,,,,,,,,,
MET-1067,Financial planning rate,Effective planning reduces financial stress.,Percent,HigherIsBetter,Benefit KPI,HR (Dept/OCHRO),See CalcFormula,(Count(Financial planning rate) / Total rate) * 100,Quarterly,,Yes,,Risk: Financial planning challenges,,,,,,,,,,,,
MET-1068,Retirement security rate,Secure pensions improve employee financial stability.,Percent,HigherIsBetter,Benefit KPI,HR (Dept/OCHRO),See CalcFormula,(Count(Retirement security rate) / Total rate) * 100,Quarterly,,Yes,,Risk: Pension fund management challenges,,,,,,,,,,,,
MET-1069,Financial stability rate,Sustainable funding improves pension security.,Percent,HigherIsBetter,Benefit KPI,HR (Dept/OCHRO),See CalcFormula,(Count(Financial stability rate) / Total rate) * 100,Quarterly,,Yes,,Risk: Pension fund management challenges,,,,,,,,,,,,
MET-1070,Access rate,Timely access to pensions improves employee satisfaction.,Percent,HigherIsBetter,Benefit KPI,HR (Dept/OCHRO),See CalcFormula,(Count(Access rate) / Total rate) * 100,Quarterly,,Yes,,Risk: Access and eligibility challenges,,,,,,,,,,,,
MET-1071,Eligibility accuracy rate,Accurate eligibility reduces errors and ensures fairness.,Percent,HigherIsBetter,Benefit KPI,HR (Dept/OCHRO),See CalcFormula,(Count(Eligibility accuracy rate) / Total rate) * 100,Quarterly,,Yes,,Risk: Eligibility determination challenges,,,,,,,,,,,,
MET-1072,Administration efficiency rate,Efficient administration improves pension plan reliability.,Percent,HigherIsBetter,Benefit KPI,HR (Dept/OCHRO),See CalcFormula,(Count(Administration efficiency rate) / Total rate) * 100,Quarterly,,Yes,,Risk: Pension plan management challenges,,,,,,,,,,,,
MET-1073,Enrollment accuracy rate,Accurate enrollment ensures employees receive appropriate benefits.,Percent,HigherIsBetter,Benefit KPI,HR (Dept/OCHRO),See CalcFormula,(Count(Enrollment accuracy rate) / Total rate) * 100,Quarterly,,Yes,,Risk: Enrollment challenges,,,,,,,,,,,,
MET-1074,Enrollment process efficiency,Efficient enrollment improves overall process efficiency.,Percent,HigherIsBetter,Benefit KPI,HR (Dept/OCHRO),See CalcFormula,(Count(Enrollment process efficiency) / Total efficiency) * 100,Quarterly,,Yes,,Risk: Enrollment process challenges,,,,,,,,,,,,
MET-1075,Communication effectiveness rate,Clear communication enhances pensioner satisfaction and reduces confusion.,Percent,HigherIsBetter,Benefit KPI,HR (Dept/OCHRO),See CalcFormula,(Count(Communication effectiveness rate) / Total rate) * 100,Quarterly,,Yes,,Risk: Communication challenges,,,,,,,,,,,,
MET-1076,Disbursement timeliness rate,Timely payments maintain trust and satisfaction among pensioners.,Percent,HigherIsBetter,Benefit KPI,HR (Dept/OCHRO),See CalcFormula,(Count(Disbursement timeliness rate) / Total rate) * 100,Quarterly,,Yes,,Risk: Payment disbursement challenges,,,,,,,,,,,,
MET-1077,Pensioner satisfaction rate,Positive relations ensure satisfaction and trust in the pension system.,Percent,HigherIsBetter,Benefit KPI,HR (Dept/OCHRO),See CalcFormula,(Count(Pensioner satisfaction rate) / Total rate) * 100,Quarterly,,Yes,,Risk: Pensioner relation challenges,,,,,,,,,,,,
MET-1078,Recruitment success rate,Competitive benefits make the organization more attractive to potential employees.,Percent,HigherIsBetter,Benefit KPI,HR (Dept/OCHRO),See CalcFormula,(Count(Recruitment success rate) / Total rate) * 100,Quarterly,,Yes,,Risk: Recruitment challenges,,,,,,,,,,,,
MET-1079,Cost efficiency rate,Cost-efficient management ensures the benefits program remains affordable and sustainable.,Percent,HigherIsBetter,Benefit KPI,HR (Dept/OCHRO),See CalcFormula,(Count(Cost efficiency rate) / Total rate) * 100,Quarterly,,Yes,,Risk: Cost management challenges,,,,,,,,,,,,
MET-1080,Cost savings rate,Cost-effective selection helps maintain budget constraints.,Dollars,HigherIsBetter,Benefit KPI,HR (Dept/OCHRO),See CalcFormula,Count(Cost savings rate),Quarterly,,Yes,,Risk: Cost assessment challenges,,,,,,,,,,,,
MET-1081,Service quality rate,Selecting a top-tier provider ensures better services.,Percent,HigherIsBetter,Benefit KPI,HR (Dept/OCHRO),See CalcFormula,(Count(Service quality rate) / Total rate) * 100,Quarterly,,Yes,,Risk: Service quality assessment challenges,,,,,,,,,,,,
MET-1082,Cost control rate,Effective oversight helps manage costs and budget adherence.,Percent,HigherIsBetter,Benefit KPI,HR (Dept/OCHRO),See CalcFormula,(Count(Cost control rate) / Total rate) * 100,Quarterly,,Yes,,Risk: Cost control monitoring challenges,,,,,,,,,,,,
MET-1083,Service delivery rate,Oversight ensures providers meet service quality standards.,Percent,HigherIsBetter,Benefit KPI,HR (Dept/OCHRO),See CalcFormula,(Count(Service delivery rate) / Total rate) * 100,Quarterly,,Yes,,Risk: Service delivery assessment challenges,,,,,,,,,,,,
MET-1084,Cost efficiency rate,Cost-efficient administration helps maintain budget constraints.,Dollars,HigherIsBetter,Benefit KPI,HR (Dept/OCHRO),See CalcFormula,Count(Cost efficiency rate),Quarterly,,Yes,,Risk: Cost management challenges,,,,,,,,,,,,
MET-1085,Plan efficiency rate,Efficient administration reduces errors and processing time.,Percent,HigherIsBetter,Benefit KPI,HR (Dept/OCHRO),See CalcFormula,(Count(Plan efficiency rate) / Total rate) * 100,Quarterly,,Yes,,Risk: Administrative complexity,,,,,,,,,,,,
MET-1086,Processing time rate,Efficient eligibility processing saves time and resources.,Days,LowerIsBetter,Benefit KPI,HR (Dept/OCHRO),See CalcFormula,Count(Processing time rate),Quarterly,,Yes,,Risk: Processing time assessment challenges,,,,,,,,,,,,
MET-1087,Enrollment processing time,Efficient enrollment ensures timely coverage for employees.,Days,LowerIsBetter,Benefit KPI,HR (Dept/OCHRO),See CalcFormula,Count(Enrollment processing time),Quarterly,,Yes,,Risk: Complexity in enrollment procedures,,,,,,,,,,,,
MET-1088,Cost management rate,Effective cost management ensures financial stability.,Dollars,HigherIsBetter,Benefit KPI,HR (Dept/OCHRO),See CalcFormula,Count(Cost management rate),Quarterly,,Yes,,Risk: Cost management challenges,,,,,,,,,,,,
MET-1089,Coverage options rate,Improved coverage options increase employee satisfaction.,Percent,HigherIsBetter,Benefit KPI,HR (Dept/OCHRO),See CalcFormula,(Count(Coverage options rate) / Total rate) * 100,Quarterly,,Yes,,Risk: Coverage option challenges,,,,,,,,,,,,
MET-1090,Plan flexibility rate,Flexible plans cater to diverse employee needs.,Percent,HigherIsBetter,Benefit KPI,HR (Dept/OCHRO),See CalcFormula,(Count(Plan flexibility rate) / Total rate) * 100,Quarterly,,Yes,,Risk: Plan flexibility challenges,,,,,,,,,,,,
MET-1091,Engagement rate,Recognized employees are more engaged and productive.,Percent,HigherIsBetter,Benefit KPI,HR (Dept/OCHRO),See CalcFormula,(Count(Engagement rate) / Total rate) * 100,Quarterly,,Yes,,Risk: Lack of participation in recognition programs,,,,,,,,,,,,
MET-1092,Culture satisfaction rate,Positive recognition enhances the overall workplace environment.,Percent,HigherIsBetter,Benefit KPI,HR (Dept/OCHRO),See CalcFormula,(Count(Culture satisfaction rate) / Total rate) * 100,Quarterly,,Yes,,Risk: Cultural resistance to recognition,,,,,,,,,,,,
MET-1093,Motivation rate,Recognition serves as a powerful motivator for employees.,Percent,HigherIsBetter,Benefit KPI,HR (Dept/OCHRO),See CalcFormula,(Count(Motivation rate) / Total rate) * 100,Quarterly,,Yes,,Risk: Inconsistent recognition practices,,,,,,,,,,,,
MET-1094,Productivity rate,Rewards serve as a significant incentive for performance.,Percent,HigherIsBetter,Benefit KPI,HR (Dept/OCHRO),See CalcFormula,(Count(Productivity rate) / Total rate) * 100,Quarterly,,Yes,,Risk: Challenges in maintaining fairness in rewards,,,,,,,,,,,,
MET-1095,Loyalty rate,Recognition of tenure fosters loyalty and commitment.,Percent,HigherIsBetter,Benefit KPI,HR (Dept/OCHRO),See CalcFormula,(Count(Loyalty rate) / Total rate) * 100,Quarterly,,Yes,,Risk: Overlooking service anniversaries,,,,,,,,,,,,
MET-1096,Morale rate,Recognition of service boosts morale and job satisfaction.,Percent,HigherIsBetter,Benefit KPI,HR (Dept/OCHRO),See CalcFormula,(Count(Morale rate) / Total rate) * 100,Quarterly,,Yes,,Risk: Inconsistent recognition efforts,,,,,,,,,,,,
MET-1097,Cost reduction rate,Efficient resource alignment minimizes unnecessary expenses.,Percent,HigherIsBetter,Benefit KPI,HR (Dept/OCHRO),See CalcFormula,(Count(Cost reduction rate) / Total rate) * 100,Quarterly,,Yes,,Risk: High operational costs,,,,,,,,,,,,
MET-1098,Communication rate,Effective relationship management fosters communication.,Percent,HigherIsBetter,Benefit KPI,HR (Dept/OCHRO),See CalcFormula,(Count(Communication rate) / Total rate) * 100,Quarterly,,Yes,,Risk: Communication barriers,,,,,,,,,,,,
MET-1099,Culture improvement rate,Ethical behavior enhances the overall organizational environment.,Percent,HigherIsBetter,Benefit KPI,HR (Dept/OCHRO),See CalcFormula,(Count(Culture improvement rate) / Total rate) * 100,Quarterly,,Yes,,Risk: Resistance to cultural change,,,,,,,,,,,,
MET-1100,Violation rate,Adherence to the code reduces the likelihood of ethical breaches.,Rate,LowerIsBetter,Benefit KPI,HR (Dept/OCHRO),See CalcFormula,Count(Violation rate),Quarterly,,Yes,,Risk: Ethical violations,,,,,,,,,,,,
MET-1101,Non-compliance incident rate,Proper documentation reduces the risk of non-compliance.,Rate,LowerIsBetter,Benefit KPI,HR (Dept/OCHRO),See CalcFormula,Count(Non-compliance incident rate),Quarterly,,Yes,,Risk: Non-compliance incidents,,,,,,,,,,,,
MET-1102,Workforce quality rate,Documenting compliance ensures high workforce standards.,Percent,HigherIsBetter,Benefit KPI,HR (Dept/OCHRO),See CalcFormula,(Count(Workforce quality rate) / Total rate) * 100,Quarterly,,Yes,,Risk: Workforce quality challenges,,,,,,,,,,,,
MET-1103,Ethical standard rate,Awareness of political activity requirements promotes ethical behavior.,Percent,HigherIsBetter,Benefit KPI,HR (Dept/OCHRO),See CalcFormula,(Count(Ethical standard rate) / Total rate) * 100,Quarterly,,Yes,,Risk: Ethical standard challenges,,,,,,,,,,,,
MET-1104,Decision-making rate,Incorporating feedback improves organizational decision-making processes.,Percent,HigherIsBetter,Benefit KPI,HR (Dept/OCHRO),See CalcFormula,(Count(Decision-making rate) / Total rate) * 100,Quarterly,,Yes,,Risk: Incomplete feedback analysis,,,,,,,,,,,,
MET-1105,Alumni satisfaction rate,Positive alumni relations can lead to rehires and referrals.,Percent,HigherIsBetter,Benefit KPI,HR (Dept/OCHRO),See CalcFormula,(Count(Alumni satisfaction rate) / Total rate) * 100,Quarterly,,Yes,,Risk: Difficulty in maintaining contact,,,,,,,,,,,,
MET-1106,Knowledge retention rate,Retaining knowledge from departing employees reduces skill gaps.,Percent,HigherIsBetter,Benefit KPI,HR (Dept/OCHRO),See CalcFormula,(Count(Knowledge retention rate) / Total rate) * 100,Quarterly,,Yes,,Risk: Incomplete knowledge transfer,,,,,,,,,,,,
MET-1107,Reputation score,A positive reputation attracts top talent and retains employees.,Percent,HigherIsBetter,Benefit KPI,HR (Dept/OCHRO),See CalcFormula,(Count(Reputation score) / Total score) * 100,Quarterly,,Yes,,Risk: Negative exit feedback,,,,,,,,,,,,
MET-1108,Integration time,Faster integration reduces downtime and enhances productivity.,Days,LowerIsBetter,Benefit KPI,HR (Dept/OCHRO),See CalcFormula,Count(Integration time),Quarterly,,Yes,,Risk: Delays in onboarding processes,,,,,,,,,,,,
MET-1109,Exit interview satisfaction,A positive offboarding experience fosters goodwill and maintains alumni relationships.,Percent,HigherIsBetter,Benefit KPI,HR (Dept/OCHRO),See CalcFormula,(Count(Exit interview satisfaction) / Total satisfaction) * 100,Quarterly,,Yes,,Risk: Negative exit experiences affecting reputation,,,,,,,,,,,,
MET-1110,Knowledge transfer effectiveness,Knowledge retention ensures continuity and reduces the learning curve for successors.,Percent,HigherIsBetter,Benefit KPI,HR (Dept/OCHRO),See CalcFormula,(Count(Knowledge transfer effectiveness) / Total effectiveness) * 100,Quarterly,,Yes,,Risk: Incomplete knowledge transfer,,,,,,,,,,,,
MET-1111,Transition-related disruptions,A well-managed offboarding process reduces operational disruptions and maintains productivity.,Percent,LowerIsBetter,Benefit KPI,HR (Dept/OCHRO),See CalcFormula,(Count(Transition-related disruptions) / Total disruptions) * 100,Quarterly,,Yes,,Risk: Resistance to offboarding processes,,,,,,,,,,,,
MET-1112,Communication timeliness,Effective communication keeps the workforce informed and engaged.,Percent,HigherIsBetter,Benefit KPI,HR (Dept/OCHRO),See CalcFormula,(Count(Communication timeliness) / Total timeliness) * 100,Quarterly,,Yes,,Risk: Miscommunication or delays,,,,,,,,,,,,
MET-1113,Employee engagement rate,Clear communication improves engagement and reduces misunderstandings.,Percent,HigherIsBetter,Benefit KPI,HR (Dept/OCHRO),See CalcFormula,(Count(Employee engagement rate) / Total rate) * 100,Quarterly,,Yes,,Risk: Lack of engagement due to poor communication,,,,,,,,,,,,
MET-1114,Transparency rate,Transparency builds trust and fosters a positive organizational culture.,Percent,HigherIsBetter,Benefit KPI,HR (Dept/OCHRO),See CalcFormula,(Count(Transparency rate) / Total rate) * 100,Quarterly,,Yes,,Risk: Resistance to transparency,,,,,,,,,,,,
MET-1115,Decision communication timeliness,Clear communication of decisions minimizes misunderstandings and improves compliance.,Percent,HigherIsBetter,Benefit KPI,HR (Dept/OCHRO),See CalcFormula,(Count(Decision communication timeliness) / Total timeliness) * 100,Quarterly,,Yes,,Risk: Miscommunication or delays in decision notifications,,,,,,,,,,,,
MET-1116,Group communication timeliness,Effective group communication minimizes misunderstandings and improves compliance.,Percent,HigherIsBetter,Benefit KPI,HR (Dept/OCHRO),See CalcFormula,(Count(Group communication timeliness) / Total timeliness) * 100,Quarterly,,Yes,,Risk: Miscommunication or delays in group notifications,,,,,,,,,,,,
MET-1117,Workforce engagement rate,Clear group communication improves engagement and reduces misunderstandings.,Percent,HigherIsBetter,Benefit KPI,HR (Dept/OCHRO),See CalcFormula,(Count(Workforce engagement rate) / Total rate) * 100,Quarterly,,Yes,,Risk: Lack of engagement due to poor communication,,,,,,,,,,,,
MET-1118,Attendance rate,Efficient attendance management enhances productivity.,Percent,HigherIsBetter,Benefit KPI,HR (Dept/OCHRO),See CalcFormula,(Count(Attendance rate) / Total rate) * 100,Quarterly,,Yes,,Risk: Attendance tracking challenges,,,,,,,,,,,,
MET-1119,Allocation rate,Effective scheduling optimizes resource use.,Percent,HigherIsBetter,Benefit KPI,HR (Dept/OCHRO),See CalcFormula,(Count(Allocation rate) / Total rate) * 100,Quarterly,,Yes,,Risk: Scheduling conflicts,,,,,,,,,,,,
MET-1120,Accountability rate,Clear monitoring of work hours encourages accountability.,Percent,HigherIsBetter,Benefit KPI,HR (Dept/OCHRO),See CalcFormula,(Count(Accountability rate) / Total rate) * 100,Quarterly,,Yes,,Risk: Non-adherence to schedules,,,,,,,,,,,,
MET-1121,Time tracking accuracy rate,Accurate time tracking prevents payroll errors and improves compliance.,Percent,HigherIsBetter,Benefit KPI,HR (Dept/OCHRO),See CalcFormula,(Count(Time tracking accuracy rate) / Total rate) * 100,Quarterly,,Yes,,Risk: Errors in time tracking,,,,,,,,,,,,
MET-1122,Coverage rate,Adequate coverage reduces risks and improves service quality.,Percent,HigherIsBetter,Benefit KPI,HR (Dept/OCHRO),See CalcFormula,(Count(Coverage rate) / Total rate) * 100,Quarterly,,Yes,,Risk: Coverage gaps,,,,,,,,,,,,
MET-1123,Scheduling flexibility rate,Flexible scheduling enhances operational efficiency.,Percent,HigherIsBetter,Benefit KPI,HR (Dept/OCHRO),See CalcFormula,(Count(Scheduling flexibility rate) / Total rate) * 100,Quarterly,,Yes,,Risk: Scheduling conflicts,,,,,,,,,,,,
MET-1124,Accommodation success rate,Proper accommodations improve employee well-being and productivity.,Percent,HigherIsBetter,Benefit KPI,HR (Dept/OCHRO),See CalcFormula,(Count(Accommodation success rate) / Total rate) * 100,Quarterly,,Yes,,Risk: Resistance to accommodation,,,,,,,,,,,,
MET-1125,Inclusivity rate,Inclusivity through accommodations fosters a positive organizational culture.,Percent,HigherIsBetter,Benefit KPI,HR (Dept/OCHRO),See CalcFormula,(Count(Inclusivity rate) / Total rate) * 100,Quarterly,,Yes,,Risk: Resistance to inclusivity,,,,,,,,,,,,
MET-1126,Work-life balance rate,Flexible work arrangements improve employee satisfaction and productivity.,Percent,HigherIsBetter,Benefit KPI,HR (Dept/OCHRO),See CalcFormula,(Count(Work-life balance rate) / Total rate) * 100,Quarterly,,Yes,,Risk: Resistance to flexible arrangements,,,,,,,,,,,,
MET-1127,Reintegration success rate,Proper reintegration improves employee morale and productivity.,Percent,HigherIsBetter,Benefit KPI,HR (Dept/OCHRO),See CalcFormula,(Count(Reintegration success rate) / Total rate) * 100,Quarterly,,Yes,,Risk: Resistance to return to work,,,,,,,,,,,,
MET-1128,Well-being rate,Proper disability management improves employee well-being and productivity.,Percent,HigherIsBetter,Benefit KPI,HR (Dept/OCHRO),See CalcFormula,(Count(Well-being rate) / Total rate) * 100,Quarterly,,Yes,,Risk: Resistance to disability management,,,,,,,,,,,,
MET-1129,Leave tracking accuracy,Proper leave management improves workforce planning and productivity.,Percent,HigherIsBetter,Benefit KPI,HR (Dept/OCHRO),See CalcFormula,(Count(Leave tracking accuracy) / Total accuracy) * 100,Quarterly,,Yes,,Risk: Inaccurate leave records,,,,,,,,,,,,
MET-1130,Leave entitlement accuracy rate,Accurate leave entitlement management improves compliance and employee trust.,Percent,HigherIsBetter,Benefit KPI,HR (Dept/OCHRO),See CalcFormula,(Count(Leave entitlement accuracy rate) / Total rate) * 100,Quarterly,,Yes,,Risk: Errors in leave credit assignments,,,,,,,,,,,,
MET-1131,Leave tracking accuracy rate,Proper extended leave management improves workforce planning and productivity.,Percent,HigherIsBetter,Benefit KPI,HR (Dept/OCHRO),See CalcFormula,(Count(Leave tracking accuracy rate) / Total rate) * 100,Quarterly,,Yes,,Risk: Inaccurate leave records,,,,,,,,,,,,
MET-1132,Development plan completion rate,Structured development plans positively impact employee growth and satisfaction.,Percent,HigherIsBetter,Benefit KPI,HR (Dept/OCHRO),See CalcFormula,(Count(Development plan completion rate) / Total rate) * 100,Quarterly,,Yes,,Risk: Incomplete development plans,,,,,,,,,,,,
MET-1133,Goal alignment rate,Proper goal alignment supports organizational success.,Percent,HigherIsBetter,Benefit KPI,HR (Dept/OCHRO),See CalcFormula,(Count(Goal alignment rate) / Total rate) * 100,Quarterly,,Yes,,Risk: Misalignment of goals,,,,,,,,,,,,
MET-1134,Performance tracking accuracy rate,Proper performance tracking ensures organizational and individual success.,Percent,HigherIsBetter,Benefit KPI,HR (Dept/OCHRO),See CalcFormula,(Count(Performance tracking accuracy rate) / Total rate) * 100,Quarterly,,Yes,,Risk: Inaccurate performance tracking,,,,,,,,,,,,
MET-1135,Performance accountability rate,Proper performance management supports accountability and improves productivity.,Percent,HigherIsBetter,Benefit KPI,HR (Dept/OCHRO),See CalcFormula,(Count(Performance accountability rate) / Total rate) * 100,Quarterly,,Yes,,Risk: Challenges in defining performance expectations,,,,,,,,,,,,
MET-1136,Recruitment quality rate,"Well-defined competencies attract qualified candidates, enhancing recruitment quality.",Percent,HigherIsBetter,Benefit KPI,HR (Dept/OCHRO),See CalcFormula,(Count(Recruitment quality rate) / Total rate) * 100,Quarterly,,Yes,,Risk: Inaccurate competency definitions,,,,,,,,,,,,
MET-1137,Skill enhancement rate,Properly defined competencies improve job performance and organizational efficiency.,Percent,HigherIsBetter,Benefit KPI,HR (Dept/OCHRO),See CalcFormula,(Count(Skill enhancement rate) / Total rate) * 100,Quarterly,,Yes,,Risk: Misalignment of competencies,,,,,,,,,,,,
MET-1138,Competency mapping accuracy rate,Accurate competency mapping supports better job performance and career development.,Percent,HigherIsBetter,Benefit KPI,HR (Dept/OCHRO),See CalcFormula,(Count(Competency mapping accuracy rate) / Total rate) * 100,Quarterly,,Yes,,Risk: Inaccurate competency assessments,,,,,,,,,,,,
MET-1139,Performance management accuracy rate,Competency assessments provide a clear basis for performance evaluations.,Percent,HigherIsBetter,Benefit KPI,HR (Dept/OCHRO),See CalcFormula,(Count(Performance management accuracy rate) / Total rate) * 100,Quarterly,,Yes,,Risk: Inconsistent performance evaluations,,,,,,,,,,,,
MET-1140,Training program effectiveness rate,"Proper competency assessments guide targeted training, improving overall workforce skills.",Percent,HigherIsBetter,Benefit KPI,HR (Dept/OCHRO),See CalcFormula,(Count(Training program effectiveness rate) / Total rate) * 100,Quarterly,,Yes,,Risk: Inadequate training programs,,,,,,,,,,,,
MET-1141,Organizational performance rate,Effective performance reviews align individual goals with organizational objectives.,Percent,HigherIsBetter,Benefit KPI,HR (Dept/OCHRO),See CalcFormula,(Count(Organizational performance rate) / Total rate) * 100,Quarterly,,Yes,,Risk: Misalignment of objectives,,,,,,,,,,,,
MET-1142,Performance improvement rate,Regular performance reviews provide feedback and identify areas for improvement.,Percent,HigherIsBetter,Benefit KPI,HR (Dept/OCHRO),See CalcFormula,(Count(Performance improvement rate) / Total rate) * 100,Quarterly,,Yes,,Risk: Resistance to feedback,,,,,,,,,,,,
MET-1143,Morale improvement rate,Fair and consistent evaluations improve employee trust and morale.,Percent,HigherIsBetter,Benefit KPI,HR (Dept/OCHRO),See CalcFormula,(Count(Morale improvement rate) / Total rate) * 100,Quarterly,,Yes,,Risk: Perceived bias in ratings,,,,,,,,,,,,
MET-1144,Rating consistency rate,Consistent ratings promote fairness and transparency in performance management.,Percent,HigherIsBetter,Benefit KPI,HR (Dept/OCHRO),See CalcFormula,(Count(Rating consistency rate) / Total rate) * 100,Quarterly,,Yes,,Risk: Inconsistent rating application,,,,,,,,,,,,
MET-1145,Development plan effectiveness rate,Targeted development plans improve employee growth and organizational capability.,Percent,HigherIsBetter,Benefit KPI,HR (Dept/OCHRO),See CalcFormula,(Count(Development plan effectiveness rate) / Total rate) * 100,Quarterly,,Yes,,Risk: Inconsistent development plans,,,,,,,,,,,,
MET-1146,Performance insights accuracy rate,Detailed insights help in making informed decisions for promotions,Percent,HigherIsBetter,Benefit KPI,HR (Dept/OCHRO),See CalcFormula,(Count(Performance insights accuracy rate) / Total rate) * 100,Quarterly,,Yes,,Risk:  training,,,,,,,,,,,,
MET-1147,Development plan success rate,Targeted plans ensure employees receive relevant training and development.,Percent,HigherIsBetter,Benefit KPI,HR (Dept/OCHRO),See CalcFormula,(Count(Development plan success rate) / Total rate) * 100,Quarterly,,Yes,,Risk: Inconsistent development opportunities,,,,,,,,,,,,
MET-1148,Organizational capability rate,Well-developed competencies align with organizational needs and drive performance.,Percent,HigherIsBetter,Benefit KPI,HR (Dept/OCHRO),See CalcFormula,(Count(Organizational capability rate) / Total rate) * 100,Quarterly,,Yes,,Risk: Misalignment of talent development,,,,,,,,,,,,
MET-1149,Talent retention rate,Personalized plans meet individual career aspirations,Percent,HigherIsBetter,Benefit KPI,HR (Dept/OCHRO),See CalcFormula,(Count(Talent retention rate) / Total rate) * 100,Quarterly,,Yes,,Risk:  leading to higher retention.,,,,,,,,,,,,
MET-1150,Career development success rate,Career planning aligns individual aspirations with organizational needs.,Percent,HigherIsBetter,Benefit KPI,HR (Dept/OCHRO),See CalcFormula,(Count(Career development success rate) / Total rate) * 100,Annual,,Yes,,Risk: Misalignment of career goals,,,,,,,,,,,,
MET-1151,Capability improvement rate,Well-developed skills and competencies align with organizational goals.,Percent,HigherIsBetter,Benefit KPI,HR (Dept/OCHRO),See CalcFormula,(Count(Capability improvement rate) / Total rate) * 100,Quarterly,,Yes,,Risk: Misalignment of development plans,,,,,,,,,,,,
MET-1152,Skills improvement rate,Continuous skill development enhances employee performance and adaptability.,Percent,HigherIsBetter,Benefit KPI,HR (Dept/OCHRO),See CalcFormula,(Count(Skills improvement rate) / Total rate) * 100,Quarterly,,Yes,,Risk: Resistance to skill development initiatives,,,,,,,,,,,,
MET-1153,Competency rate,Properly qualified employees perform their roles more effectively.,Percent,HigherIsBetter,Benefit KPI,HR (Dept/OCHRO),See CalcFormula,(Count(Competency rate) / Total rate) * 100,Quarterly,,Yes,,Risk: Inadequate qualification verification,,,,,,,,,,,,
MET-1154,Training effectiveness rate,Properly aligned training programs improve skill acquisition.,Percent,HigherIsBetter,Benefit KPI,HR (Dept/OCHRO),See CalcFormula,(Count(Training effectiveness rate) / Total rate) * 100,Quarterly,,Yes,,Risk: Misalignment of training programs,,,,,,,,,,,,
MET-1155,Language proficiency rate,Proper language proficiency enhances communication and reduces misunderstandings.,Percent,HigherIsBetter,Benefit KPI,HR (Dept/OCHRO),See CalcFormula,(Count(Language proficiency rate) / Total rate) * 100,Quarterly,,Yes,,Risk: Inaccurate language proficiency assessments,,,,,,,,,,,,
MET-1156,Certification validity rate,Proper certification and accreditation maintain high professional standards.,Percent,HigherIsBetter,Benefit KPI,HR (Dept/OCHRO),See CalcFormula,(Count(Certification validity rate) / Total rate) * 100,Quarterly,,Yes,,Risk: Inaccurate certification verification,,,,,,,,,,,,
MET-1157,Skill acquisition rate,Proper learning management enhances overall workforce capability.,Percent,HigherIsBetter,Benefit KPI,HR (Dept/OCHRO),See CalcFormula,(Count(Skill acquisition rate) / Total rate) * 100,Quarterly,,Yes,,Risk: Inadequate learning resources,,,,,,,,,,,,
MET-1158,Alignment rate,Targeted learning addresses specific skill gaps.,Percent,HigherIsBetter,Benefit KPI,HR (Dept/OCHRO),See CalcFormula,(Count(Alignment rate) / Total rate) * 100,Quarterly,,Yes,,Risk: Inaccurate identification of learning needs,,,,,,,,,,,,
MET-1159,Learning outcome rate,Focused learning efforts yield better results.,Percent,HigherIsBetter,Benefit KPI,HR (Dept/OCHRO),See CalcFormula,(Count(Learning outcome rate) / Total rate) * 100,Quarterly,,Yes,,Risk: Misalignment of learning programs,,,,,,,,,,,,
MET-1160,Training quality rate,High-quality training programs enhance employee skills and performance.,Percent,HigherIsBetter,Benefit KPI,HR (Dept/OCHRO),See CalcFormula,(Count(Training quality rate) / Total rate) * 100,Quarterly,,Yes,,Risk: Inadequate content quality,,,,,,,,,,,,
MET-1161,Development progress rate,Regular assessments guide employees in their development journey.,Percent,HigherIsBetter,Benefit KPI,HR (Dept/OCHRO),See CalcFormula,(Count(Development progress rate) / Total rate) * 100,Quarterly,,Yes,,Risk: Resistance to assessments,,,,,,,,,,,,
MET-1162,Training program improvement rate,Assessment results help refine and improve training programs.,Percent,HigherIsBetter,Benefit KPI,HR (Dept/OCHRO),See CalcFormula,(Count(Training program improvement rate) / Total rate) * 100,Quarterly,,Yes,,Risk: Inadequate assessment feedback,,,,,,,,,,,,
MET-1163,Learning activity efficiency rate,Efficient administration improves participation and reduces administrative workload.,Percent,HigherIsBetter,Benefit KPI,HR (Dept/OCHRO),See CalcFormula,(Count(Learning activity efficiency rate) / Total rate) * 100,Quarterly,,Yes,,Risk: Administrative inefficiencies,,,,,,,,,,,,
MET-1164,Learning experience satisfaction rate,A well-administered learning process enhances the learning experience and satisfaction.,Percent,HigherIsBetter,Benefit KPI,HR (Dept/OCHRO),See CalcFormula,(Count(Learning experience satisfaction rate) / Total rate) * 100,Quarterly,,Yes,,Risk: Poor learning experience due to logistical issues,,,,,,,,,,,,
MET-1165,Learning participation rate,Effective promotion and easy registration processes increase employee engagement in learning.,Percent,HigherIsBetter,Benefit KPI,HR (Dept/OCHRO),See CalcFormula,(Count(Learning participation rate) / Total rate) * 100,Quarterly,,Yes,,Risk: Low participation rates,,,,,,,,,,,,
MET-1166,Learning outcomes rate,Continuous adjustments and monitoring of learning plans improve learning outcomes.,Percent,HigherIsBetter,Benefit KPI,HR (Dept/OCHRO),See CalcFormula,(Count(Learning outcomes rate) / Total rate) * 100,Quarterly,,Yes,,Risk: Ineffective learning outcome tracking,,,,,,,,,,,,
MET-1167,Learning plan customization rate,Customized learning plans improve employee skill development and job performance.,Percent,HigherIsBetter,Benefit KPI,HR (Dept/OCHRO),See CalcFormula,(Count(Learning plan customization rate) / Total rate) * 100,Quarterly,,Yes,,Risk: Resistance to customization,,,,,,,,,,,,
MET-1168,Skill development rate,Well-managed learning plans ensure targeted skill development and career progression.,Percent,HigherIsBetter,Benefit KPI,HR (Dept/OCHRO),See CalcFormula,(Count(Skill development rate) / Total rate) * 100,Quarterly,,Yes,,Risk: Inadequate skill development tracking,,,,,,,,,,,,
MET-1169,Skill improvement rate,Effective training management improves overall employee competency.,Percent,HigherIsBetter,Benefit KPI,HR (Dept/OCHRO),See CalcFormula,(Count(Skill improvement rate) / Total rate) * 100,Quarterly,,Yes,,Risk: Inadequate training resources,,,,,,,,,,,,
MET-1170,Training ROI rate,Effective management increases the impact and cost-effectiveness of training programs.,Percent,HigherIsBetter,Benefit KPI,HR (Dept/OCHRO),See CalcFormula,(Count(Training ROI rate) / Total rate) * 100,Quarterly,,Yes,,Risk: Measuring ROI challenges,,,,,,,,,,,,
MET-1171,Training program efficiency rate,Streamlined operations improve participation and reduce administrative burden.,Percent,HigherIsBetter,Benefit KPI,HR (Dept/OCHRO),See CalcFormula,(Count(Training program efficiency rate) / Total rate) * 100,Quarterly,,Yes,,Risk: Administrative inefficiencies,,,,,,,,,,,,
